name,ck_oo_numberOfPrivateMethods,LDHH_lcom,LDHH_fanIn,WCHU_numberOfPublicAttributes,WCHU_numberOfAttributes,CvsWEntropy,LDHH_numberOfPublicMethods,WCHU_fanIn,LDHH_numberOfPrivateAttributes,CvsEntropy,LDHH_numberOfPublicAttributes,WCHU_numberOfPrivateMethods,WCHU_numberOfMethods,ck_oo_numberOfPublicAttributes,ck_oo_noc,ck_oo_wmc,LDHH_numberOfPrivateMethods,WCHU_numberOfPrivateAttributes,CvsLogEntropy,WCHU_noc,LDHH_numberOfAttributesInherited,WCHU_wmc,ck_oo_fanOut,ck_oo_numberOfLinesOfCode,ck_oo_numberOfAttributesInherited,ck_oo_numberOfMethods,ck_oo_dit,ck_oo_fanIn,LDHH_noc,WCHU_dit,ck_oo_lcom,WCHU_numberOfAttributesInherited,ck_oo_rfc,LDHH_wmc,LDHH_numberOfAttributes,LDHH_numberOfLinesOfCode,WCHU_fanOut,WCHU_lcom,ck_oo_cbo,WCHU_rfc,ck_oo_numberOfAttributes,ck_oo_numberOfPrivateAttributes,WCHU_numberOfPublicMethods,LDHH_dit,WCHU_cbo,CvsLinEntropy,WCHU_numberOfMethodsInherited,LDHH_fanOut,LDHH_numberOfMethodsInherited,LDHH_rfc,ck_oo_numberOfMethodsInherited,ck_oo_numberOfPublicMethods,LDHH_cbo,WCHU_numberOfLinesOfCode,CvsExpEntropy,LDHH_numberOfMethods
org.eclipse.core.runtime.adaptor.EclipseLog,5,0.131799,0.006013,2.08,3.13,0.265909,0,1.01,0.099306,7.634816,0.110715,2.02,4.05,8,0,33,0.126395,2.02,2.020809,0,0,4.05,9,454,0,30,1,2,0,0,365,0,112,0.147692,0.123092,0.272239,1.01,5.03,10,8.29,25,3,0,0,2.02,0.209703,0,0.015787,0,0.187455,0,7,0.02308,9.53,0.000938,0.147692
org.eclipse.core.runtime.adaptor.EclipseStarter,38,0.2248,0.056488,5.11,14.37,1.412587,0.025832,3.03,0.371186,24.321989,0.061295,13.19,14.24,27,0,51,0.185129,11.3,6.879084,0,0,14.24,42,1176,0,50,1,5,0,0,943,0,268,0.201194,0.371857,0.951219,16.19,27.77,44,30.34,67,38,3.03,0,16.19,0.822489,0,0.438976,0,0.878393,0,8,0.475954,44.96,0.094015,0.19949
org.eclipse.core.runtime.adaptor.LocationManager,11,0.084499,0.149526,3.03,3.05,0.382689,0,3.06,0.2,8.25428,0.22201,3.05,3.06,20,0,21,0.054471,1.01,2.296547,0,0,3.06,8,252,0,20,1,9,0,0,160,0,67,0.059275,0.20097,0.300927,4.05,5.05,17,7.24,35,14,1.01,0,6.1,0.271886,0,0.262121,0,0.269934,0,9,0.394063,10.16,0.010373,0.059275
org.eclipse.core.runtime.internal.adaptor.BasicLocation,4,0.121232,0.030308,0,0,0.112429,0.154579,2.02,0,3.717586,0,1.01,2.04,2,0,19,0.040483,0,1.086365,0,0,2.04,8,152,0,18,1,4,0,0,105,0,45,0.150234,0,0.138605,2.02,2.44,11,4.1,10,8,2.03,0,5.05,0.139204,0,0.104385,0,0.161894,0,14,0.17052,3.28,0.000206,0.150234
org.eclipse.core.runtime.internal.adaptor.BundleLocalizationImpl,0,0,0,0,1.01,0.030578,0,0,0,1.886339,0,0,0,0,0,2,0,0,0.450418,0,0,0,3,5,0,1,1,1,0,0,0,0,3,0,0,0.010313,0,0,4,1.01,0,0,0,0,0,0.028891,0,0,0,0.013119,0,1,0,1.01,0,0
org.eclipse.core.runtime.internal.adaptor.CachedManifest,0,0,0.015104,0,0,0.044332,0,1.01,0.015728,4.201806,0,0,0,0,0,9,0,1.02,1.154805,0,0,0,12,106,0,8,2,1,0,0,26,0,44,0,0,0.118123,1.02,0,12,3.14,2,2,0,0,1.02,0.128564,0,0.013861,0,0.122324,0,8,0.015184,3.49,0.000206,0
org.eclipse.core.runtime.internal.adaptor.ClasspathManifest,1,0,0,0,0,0.003392,0,0,0,0.773229,0,0,0,2,0,6,0,0,0.187345,0,0,0,10,52,0,5,1,1,0,0,8,0,20,0,0,0,0,0,11,0,4,2,0,0,0,0.012471,0,0,0,0,0,4,0,0,0,0
org.eclipse.core.runtime.internal.adaptor.ContextFinder,4,0.039405,0,0,3.03,0.352423,0.013333,0,0.045455,6.915219,0,2.03,3.04,0,0,10,0.028002,2.02,1.799232,0,0,3.04,1,108,0,9,2,1,0,0,34,0,36,0.041547,0.057456,0.16236,1.01,3.24,2,5.18,4,2,2.02,0,1.01,0.156607,0,0.016051,0,0.071833,0,2,0.016022,9.81,0,0.041547
org.eclipse.core.runtime.internal.adaptor.DefaultStartupMonitor,0,0,0,0,0,0.042501,0.022496,0,0,1.016689,0,0,1.01,0,0,3,0,0,0.278711,0,0,1.01,4,32,0,2,1,1,0,0,0,0,14,0.022874,0,0.019645,1.03,0,4,1.07,2,2,1.01,0,1.02,0.026498,0,0.024882,0,0.022288,0,2,0.026139,1.09,0,0.022874
org.eclipse.core.runtime.internal.adaptor.EclipseAdaptorHook,3,0.055617,0.022994,0,2.02,0.118539,0.01989,1.01,0.217937,3.124437,0,0,1.01,2,0,14,0,2.02,1.130533,0,0,1.01,31,121,0,13,1,0,0,0,68,0,55,0.019985,0.200407,0.249247,3.04,2.05,31,3.16,8,6,1.01,0,3.05,0.22234,0,0.155903,0,0.284715,0,10,0.166025,3.23,0.010857,0.019985
org.eclipse.core.runtime.internal.adaptor.EclipseAdaptorMsg,0,0.019212,0.047384,6.18,6.18,0.043057,0,2.02,0,5.181983,0.278412,1.01,1.03,75,0,1,0.02439,0,1.630369,0,0.020833,1.03,1,81,3,0,2,17,0,0,0,1.03,3,0.021097,0.271899,0.288948,1.04,1.03,18,1.18,76,1,1.02,0,2.04,0.237407,1.02,0.021009,0.020833,0.016693,6,0,0.04481,7.46,0.000267,0.021097
org.eclipse.core.runtime.internal.adaptor.EclipseAppLauncher,2,0,0,0,1.01,0.140204,0.022496,0,0.018366,4.531458,0,0,1.01,0,0,7,0,1.01,1.394966,0,0,1.01,16,97,0,6,1,1,0,0,0,0,30,0.022874,0.019183,0.162441,3.05,0,16,2.06,8,8,1.01,0,3.05,0.20211,0,0.149142,0,0.038829,0,4,0.156426,4.23,0.000691,0.022874
org.eclipse.core.runtime.internal.adaptor.EclipseClassLoadingHook,5,0.017166,0,0,2.04,0.151577,0,0,0.29562,2.690819,0,1.01,1.01,0,0,14,0,2.04,0.979766,0,0,1.01,17,180,0,13,1,0,0,0,78,0,57,0.019231,0.314851,0.25265,1.01,1.13,17,3.1,4,4,0,0,1.01,0.192213,0,0.013553,0,0.236384,0,8,0.015438,3.51,0.035651,0.019231
org.eclipse.core.runtime.internal.adaptor.EclipseCommandProvider,4,0.070986,0,0,1.02,0.230211,0.078894,0,0.049583,6.208711,0,2.04,3.09,0,0,10,0.05272,1.02,1.717797,0,0,3.09,16,185,0,9,1,1,0,0,32,0,51,0.088919,0.048357,0.132634,5.08,3.39,17,3.35,3,3,2.05,0,5.08,0.186417,0,0.130131,0,0.161012,0,5,0.135336,5.44,0.00006,0.088919
org.eclipse.core.runtime.internal.adaptor.EclipseEnvironmentInfo,1,0.067647,0.215104,0,0,0.076623,0.071429,2.02,0,4.540556,0,0,1.02,0,0,19,0,0,1.137145,0,0,1.02,5,157,0,18,1,5,0,0,139,0,36,0.071429,0,0.061784,1.01,1.33,10,2.03,16,13,1.02,0,3.03,0.092294,0,0.015787,0,0.085926,0,17,0.228029,1.06,0.000001,0.071429
org.eclipse.core.runtime.internal.adaptor.EclipseErrorHandler,1,0,0,0,0,0.004565,0,0,0,0.773229,0,0,0,0,0,12,0,0,0.187345,0,0,0,11,56,0,11,1,0,0,0,53,0,21,0,0,0,0,0,11,0,2,2,0,0,0,0.012471,0,0,0,0,0,10,0,0,0,0
org.eclipse.core.runtime.internal.adaptor.EclipseLazyStarter,4,0.03336,0,0,1.07,0.081604,0.01989,0,0.017937,3.232188,0,2.02,2.11,0,0,20,0.039805,1.07,0.979268,0,0,2.11,33,178,0,19,1,0,0,0,149,0,87,0.036033,0.021159,0.030717,2.15,3.22,33,2.44,7,7,1.09,0,2.15,0.133074,0,0.036159,0,0.031054,0,15,0.03754,2.94,0.000206,0.036033
org.eclipse.core.runtime.internal.adaptor.EclipseLogHook,2,0,0,0,0,0.005235,0,0,0,0.773229,0,0,0,0,0,13,0,0,0.187345,0,0,0,17,72,0,12,1,0,0,0,64,0,45,0,0,0,0,0,17,0,2,1,0,0,0,0.012471,0,0,0,0,0,10,0,0,0,0
org.eclipse.core.runtime.internal.adaptor.EclipseStorageHook,9,0.125095,0.022994,0,4.06,0.080019,0.126321,1.01,0.145688,3.16957,0,1.01,3.05,2,0,40,0.02381,4.06,0.936132,0,0,3.05,27,361,0,39,1,3,0,0,511,0,119,0.141756,0.164092,0.141383,2.06,4.11,29,4.15,19,17,2.02,0,2.05,0.121125,0,0.036159,0,0.148681,0,29,0.03754,4.66,0.000206,0.141756
org.eclipse.core.runtime.internal.adaptor.IModel,0,0,0,0,0,0.008134,0,0,0,1.736714,0,0,0,62,0,0,0,0,0.415201,0,0,0,0,64,0,0,0,2,0,0,0,0,0,0,0,0,0,0,2,0,62,0,0,0,0,0.026753,0,0,0,0,0,0,0,0,0,0
org.eclipse.core.runtime.internal.adaptor.IPluginInfo,0,0.010556,0,0,0,0.009839,0,0,0,2.880117,0,0,1.01,0,0,16,0,0,0.815922,0,0,1.01,0,18,0,16,0,1,0,0,120,0,16,0.010535,0,0.008299,0,1.15,1,1.01,0,0,1.01,0,0,0.101791,0,0,0,0.008208,0,16,0,1.01,0.000206,0.010535
org.eclipse.core.runtime.internal.adaptor.LocationHelper,1,0,0,0,0,0.00583,0,0,0,0.59225,0,0,0,0,0,3,0,0,0.159472,0,0,0,0,27,0,2,1,2,0,0,1,0,15,0,0,0,0,0,2,0,0,0,0,0,0,0.014445,0,0,0,0,0,1,0,0,0,0
org.eclipse.core.runtime.internal.adaptor.Locker,0,0.029497,0.030308,0,0,0.013249,0.048148,2.02,0,2.310769,0,0,1.01,0,0,3,0,0,0.606793,0,0,1.01,0,5,0,3,0,4,0,0,3,0,3,0.04451,0,0.038541,0,1.02,4,1.01,0,0,1.01,0,2.02,0.055456,0,0,0,0.040422,0,3,0.030279,1.01,0,0.04451
org.eclipse.core.runtime.internal.adaptor.Locker_JavaIo,0,0,0,0,0,0.03467,0.048148,0,0,2.310769,0,0,1.01,0,0,4,0,0,0.606793,0,0,1.01,1,42,0,3,1,1,0,0,0,0,9,0.04451,0,0.038541,0,0,2,1.01,2,2,1.01,0,0,0.055456,0,0,0,0.040422,0,3,0,1.15,0,0.04451
org.eclipse.core.runtime.internal.adaptor.Locker_JavaNio,0,0,0,0,0,0.257469,0.048148,0,0,3.931517,0,0,1.01,0,0,4,0,0,1.028032,0,0,1.01,4,65,0,3,1,1,0,0,0,0,14,0.04451,0,0.078717,1.05,0,4,2.04,3,3,1.01,0,1.05,0.092738,0,0.012827,0,0.052184,0,3,0.012963,3.28,0,0.04451
org.eclipse.core.runtime.internal.adaptor.MessageHelper,1,0,0,0,0,0.00583,0,0,0,0.59225,0,0,0,0,0,4,0,0,0.159472,0,0,0,6,30,0,3,1,3,0,0,3,0,19,0,0,0,0,0,9,0,0,0,0,0,0,0.014445,0,0,0,0,0,2,0,0,0,0
org.eclipse.core.runtime.internal.adaptor.PluginConverterImpl,31,0.032166,0,1.05,2.07,0.144366,0,0,0.014493,7.02539,0.012331,0,0,10,0,39,0,1.01,1.805943,0,0,0,21,625,0,38,1,3,0,0,337,0,176,0,0.023007,0.033922,2.04,3.12,23,6.09,38,23,0,0,2.02,0.164872,0,0.028614,0,0.075759,0,6,0.028836,3.15,0.000206,0
org.eclipse.core.runtime.internal.adaptor.PluginParser,2,0.018585,0,0,2.02,0.036697,0,0,0.028382,5.433069,0,0,0,0,0,30,0,2.02,1.409203,0,0,0,10,381,0,29,2,2,0,0,164,0,85,0,0.023007,0.037341,2.03,2.28,11,3.03,20,17,0,0,2.02,0.136145,0,0.0254,0,0.034734,0,26,0.026186,4.08,0.000206,0
org.eclipse.core.runtime.internal.adaptor.Semaphore,0,0,0.014357,0,0,0.009105,0,1.01,0,2.220037,0,0,0,0,0,5,0,0,0.546214,0,0,0,0,42,0,4,1,2,0,0,0,0,9,0,0,0,0,0,2,0,1,0,0,0,1.01,0.038836,0,0,0,0,0,4,0.014444,0,0,0
org.eclipse.core.runtime.internal.adaptor.URLConverterImpl,0,0,0,0,0,0.010906,0,0,0,1.482655,0,0,0,0,0,3,0,0,0.346439,0,0,0,2,14,0,2,1,1,0,0,1,0,6,0,0,0.010787,0,0,3,0,0,0,0,0,0,0.020619,0,0,0,0,0,2,0,1.04,0,0
org.eclipse.core.runtime.internal.stats.BundleStats,0,0,0,0,0,0.008971,0,0,0,2.549254,0,0,0,3,0,22,0,0,0.597139,0,0,0,2,86,0,21,1,1,0,0,184,0,28,0,0,0,0,0,2,0,11,8,0,0,0,0.036093,0,0,0,0,0,13,0,0,0,0
org.eclipse.core.runtime.internal.stats.ClassStats,0,0,0,0,0,0.008971,0,0,0,2.549254,0,0,0,0,0,20,0,0,0.597139,0,0,0,2,77,0,19,1,2,0,0,145,0,24,0,0,0,0,0,2,0,11,11,0,0,0,0.036093,0,0,0,0,0,19,0,0,0,0
org.eclipse.core.runtime.internal.stats.ClassloaderStats,7,0.027665,0.015104,0,0,0.069274,0,1.01,0,3.07294,0,0,0,1,0,21,0,0,0.74823,0,0,0,3,172,0,20,1,3,0,0,156,0,80,0,0,0.026948,0,1.12,4,1.04,11,10,0,0,1.01,0.052458,0,0,0,0.029457,0,12,0.015184,1.07,0,0
org.eclipse.core.runtime.internal.stats.ResourceBundleStats,4,0,0,0,0,0.008971,0,0,0,2.549254,0,0,0,0,0,14,0,0,0.597139,0,0,0,0,79,0,12,1,2,0,0,38,0,31,0,0,0,0,0,2,0,7,7,0,0,0,0.036093,0,0,0,0,0,8,0,0,0,0
org.eclipse.core.runtime.internal.stats.StatsManager,3,0.010479,0.065125,0,0,0.02274,0.013345,3.03,0,4.590627,0,1.01,1.08,8,0,21,0.013085,0,1.216504,0,0,1.08,17,163,0,20,1,4,0,0,136,0,75,0.014187,0,0.025491,2.1,2.08,18,2.25,19,11,1.07,0,4.11,0.125861,0,0.027559,0,0.023962,0,17,0.075118,2.46,0.000206,0.014187
org.eclipse.osgi.baseadaptor.BaseAdaptor,0,0.013461,0.175263,0,0,0.071095,0,4.07,0,2.684545,0,0,0,0,0,33,0,0,0.700512,0,0,0,31,230,0,32,1,23,0,0,138,0,97,0,0,0.054989,2.03,1.04,47,2.02,14,14,0,0,4.06,0.061125,0,0.058851,0,0.058464,0,31,0.172433,2.06,0,0
org.eclipse.osgi.baseadaptor.BaseData,3,0.074582,0.281106,0,1.01,0.115548,0.017544,6.08,0,3.668381,0,1.01,2.02,0,1,51,0.019963,0,0.965685,0,0,2.02,25,268,0,50,1,31,0,0,1071,0,93,0.037468,0.020934,0.047644,1.03,3.99,49,3.09,20,16,1.01,0,6.1,0.084902,0,0.021108,0,0.051564,0,47,0.249353,3.32,0,0.037468
org.eclipse.osgi.baseadaptor.HookConfigurator,0,0,0.016175,0,0,0.009488,0,1.01,0,2.496046,0,0,0,0,0,1,0,0,0.596426,0,0,0,1,3,0,1,0,11,0,0,0,0,1,0,0,0,0,0,11,0,0,0,0,0,1.01,0.038361,0,0,0,0,0,1,0.01619,0,0,0
org.eclipse.osgi.baseadaptor.HookRegistry,4,0.09781,0.136175,0,3.03,0.096133,0.015054,3.03,0.100112,2.480987,0,0,2.04,5,0,23,0,3.03,0.714054,0,0,2.04,14,150,0,22,1,19,0,0,213,0,55,0.109693,0.109867,0.108676,2.02,2.74,31,3.07,16,11,2.04,0,4.05,0.087259,0,0.106018,0,0.130497,0,18,0.146766,4.23,0.00006,0.109693
org.eclipse.osgi.baseadaptor.bundlefile.BundleEntry,0,0,0.117618,0,0,0.014412,0,3.05,0,2.298666,0,0,0,0,3,9,0,0,0.694318,0,0,0,1,56,0,8,1,30,0,0,28,0,13,0,0,0,0,0,31,0,1,0,0,0,3.05,0.097373,0,0,0,0,0,8,0.115446,0,0.000206,0
org.eclipse.osgi.baseadaptor.bundlefile.BundleFile,1,0.059986,0.163926,0,0,0.067651,0.106627,5.08,0,4.322627,0,1.01,2.03,0,4,17,0,0,1.176381,1.01,0,2.03,8,74,0,15,1,28,0,0,101,0,39,0.083632,0,0.07516,1.02,2.37,34,3.07,4,1,3.03,0,5.08,0.113557,0,0.043019,0,0.100689,0,12,0.15962,2.1,0,0.083632
org.eclipse.osgi.baseadaptor.bundlefile.DirBundleFile,0,0,0.016175,0,0,0.027419,0,1.01,0,2.010185,0,0,0,0,0,7,0,0,0.506364,0,0,0,6,45,3,6,2,2,0,0,15,0,19,0,0,0,0,0,8,1.01,0,0,0,0,1.01,0.038356,2.02,0,0.087121,0.026089,8,6,0.01619,0,0,0
org.eclipse.osgi.baseadaptor.bundlefile.DirZipBundleEntry,0,0,0,0,0,0.01482,0,0,0,1.683506,0,0,0,0,0,7,0,0,0.414488,0,0,0,3,34,1,6,2,1,0,0,9,0,14,0,0,0,0,0,3,0,2,1,0,0,0,0.029022,0,0,0,0,2,6,0,0,0,0
org.eclipse.osgi.baseadaptor.bundlefile.FileBundleEntry,0,0,0,0,0,0.015615,0,0,0,1.683506,0,0,0,0,0,7,0,0,0.414488,0,0,0,3,30,1,6,2,1,0,0,3,0,11,0,0,0,0,0,4,0,2,1,0,0,0,0.029022,0,0,0,0,2,6,0,0,0,0
org.eclipse.osgi.baseadaptor.bundlefile.MRUBundleFileList,3,0.040393,0.041667,0,3.04,0.231467,0.059664,1.01,0.08345,4.218491,0,1.01,2.05,0,0,12,0,3.04,1.344777,0,0,2.05,6,136,0,10,1,2,0,0,3,0,28,0.058803,0.082754,0.066434,1.04,2.09,8,3.16,11,11,2.04,0,2.05,0.2104,0,0.016789,0,0.072325,0,7,0.062558,3.52,0.010373,0.058803
org.eclipse.osgi.baseadaptor.bundlefile.NestedDirBundleFile,0,0,0,0,0,0.015155,0,0,0,1.683506,0,0,0,0,0,7,0,0,0.414488,0,0,0,2,36,3,6,2,1,0,0,13,0,16,0,0,0,0,0,3,0,2,0,0,0,0,0.029022,2.02,0,0.087121,0,8,6,0,0,0,0
org.eclipse.osgi.baseadaptor.bundlefile.ZipBundleEntry,0,0,0,0,0,0.133693,0,0,0,3.472011,0,0,0,0,0,7,0,0,1.236735,0,0,0,4,46,1,6,2,1,0,0,0,0,20,0,0,0.160442,1.01,0,4,1.04,2,0,0,0,1.01,0.235929,0,0.041667,0,0.040243,2,6,0.041667,2.12,0.010579,0
org.eclipse.osgi.baseadaptor.bundlefile.ZipBundleFile,0,0.040393,0.062425,0,1.01,0.126343,0.020231,3.04,0.041667,4.642314,0,0,2.03,0,0,16,0,1.01,1.34217,0,0,2.03,15,212,3,15,2,5,0,0,51,0,76,0.058803,0.041667,0.089625,0,2.29,18,3.09,5,1,1.01,0,3.04,0.161983,2.02,0,0.087121,0.080328,8,7,0.058599,4.25,0.000206,0.058803
org.eclipse.osgi.baseadaptor.hooks.AdaptorHook,0,0,0.016175,0,0,0.004649,0,1.01,0,0.773229,0,0,0,0,0,9,0,0,0.187345,0,0,0,4,11,0,9,0,9,0,0,36,0,9,0,0,0,0,0,12,0,0,0,0,0,1.01,0.012471,0,0,0,0,0,9,0.01619,0,0,0
org.eclipse.osgi.baseadaptor.hooks.BundleFileFactoryHook,0,0,0,0,0,0.009279,0,0,0,1.683506,0,0,0,0,0,1,0,0,0.414488,0,0,0,2,3,0,1,0,2,0,0,0,0,1,0,0,0,0,0,4,0,0,0,0,0,0,0.029022,0,0,0,0,0,1,0,0,0,0
org.eclipse.osgi.baseadaptor.hooks.BundleFileWrapperFactoryHook,0,0,0,0,0,0.105544,0,0,0,1.428468,0,0,0,0,0,1,0,0,0.394256,0,0,0,2,3,0,1,0,3,0,0,0,0,1,0,0,0,0,0,5,0,0,0,0,0,0,0.040328,0,0,0,0,0,1,0,0,0,0
org.eclipse.osgi.baseadaptor.hooks.ClassLoadingHook,0,0,0,0,0,0.036094,0,0,0,1.249067,0,0,0,0,0,6,0,0,0.30555,0,0,0,7,8,0,6,0,8,0,0,15,0,6,0,0,0,0,0,13,0,0,0,0,0,0,0.020969,0,0,0,0,0,6,0,0,0,0
org.eclipse.osgi.baseadaptor.hooks.ClassLoadingStatsHook,0,0,0,0,0,0.003749,0,0,0,1.434553,0,0,0,0,0,5,0,0,0.364269,0,0,0,3,7,0,5,0,4,0,0,10,0,5,0,0,0,0,0,6,0,0,0,0,0,0,0.028217,0,0,0,0,0,5,0,0,0,0
org.eclipse.osgi.baseadaptor.hooks.StorageHook,0,0,0.260108,0,0,0.00624,0,6.08,0,0.773229,0,0,0,0,0,11,0,0,0.187345,0,0,0,3,13,0,11,0,19,0,0,55,0,11,0,0,0,0,0,21,0,0,0,0,0,6.08,0.012471,0,0,0,0,0,11,0.248623,0,0,0
org.eclipse.osgi.baseadaptor.loader.BaseClassLoader,0,0,0,0,0,0.017791,0,0,0,2.261066,0,0,0,0,0,7,0,0,0.60131,0,0,0,5,9,0,7,0,9,0,0,21,0,7,0,0,0,0,0,13,0,0,0,0,0,0,0.055275,0,0,0,0,0,7,0,0,0,0
org.eclipse.osgi.baseadaptor.loader.ClasspathEntry,0,0,0,0,0,0.011206,0,0,0,1.683506,0,0,0,0,0,5,0,0,0.414488,0,0,0,3,29,0,4,1,12,0,0,4,0,8,0,0,0,0,0,15,0,3,3,0,0,0,0.029022,0,0,0,0,0,4,0,0,0,0
org.eclipse.osgi.baseadaptor.loader.ClasspathManager,15,0.183342,0,0,3.06,0.265517,0.021739,0,0.33411,4.932635,0,1.04,2.05,0,0,33,0,3.06,1.529171,0,0,2.05,21,385,0,32,1,11,0,0,306,0,103,0.019924,0.334385,0.269733,3.04,4.37,29,4.22,11,11,1.01,0,3.04,0.21897,0,0.375718,0,0.258381,0,17,0.375103,4.68,0.035444,0.019924
org.eclipse.osgi.baseadaptor.loader.FragmentClasspath,0,0,0,0,0,0.010871,0,0,0,1.683506,0,0,0,0,0,5,0,0,0.414488,0,0,0,7,28,0,4,1,2,0,0,2,0,11,0,0,0,0,0,9,0,3,3,0,0,0,0.029022,0,0,0,0,0,4,0,0,0,0
org.eclipse.osgi.event.BatchBundleListener,0,0,0,0,0,0.022977,0,0,0,2.124942,0,0,0,0,0,2,0,0,0.478169,0,0,0,1,4,0,2,0,1,0,0,1,0,2,0,0,0,0,0,2,0,0,0,0,0,0,0.024982,0,0,0,0,0,2,0,0,0,0
org.eclipse.osgi.framework.adaptor.BundleClassLoader,0,0.018144,0.163145,0,0,0.006428,0.02027,5.1,0,3.422679,0,0,2.02,0,0,11,0,0,0.768658,0,0,2.02,2,13,0,11,0,11,0,0,55,0,11,0.020174,0,0.018561,1.01,2.19,12,2.02,0,0,2.02,0,5.11,0.039882,0,0.010321,0,0.018624,0,11,0.156883,2.02,0,0.020189
org.eclipse.osgi.framework.adaptor.BundleData,0,0.03719,0.451651,3.05,3.05,0.034187,0.042064,13.15,0,5.346141,0.021584,0,4.04,5,0,26,0,0,1.261711,0,0,4.04,6,33,0,26,0,32,0,0,325,0,26,0.04153,0.070019,0.084392,1.01,5.01,37,4.04,5,0,4.04,0,14.16,0.083941,0,0.010116,0,0.041073,0,26,0.441325,6.09,0,0.041579
org.eclipse.osgi.framework.adaptor.BundleOperation,0,0,0.015104,0,0,0.010573,0,1.04,0,2.364506,0,0,0,0,0,3,0,0,0.555513,0,0,0,2,5,0,3,0,8,0,0,3,0,3,0,0,0,0,0,10,0,0,0,0,0,1.04,0.033911,0,0,0,0,0,3,0.015184,0,0,0
org.eclipse.osgi.framework.adaptor.BundleProtectionDomain,0,0.009636,0.015104,0,0,0.022988,0.010919,1.01,0,3.785124,0,0,1.03,0,1,1,0,0,0.853269,0,0,1.03,0,5,0,0,2,16,0,0,0,0,2,0.011435,0,0.009617,0,1.03,16,1.03,0,0,1.03,0,1.01,0.044856,0,0,0,0.010319,0,0,0.015184,1.03,0,0.011435
org.eclipse.osgi.framework.adaptor.BundleWatcher,0,0.010479,0.015104,1.08,1.08,0.019487,0.013345,1.02,0,3.752896,0.014031,0,1.01,8,0,1,0,0,1.022688,0,0,1.01,1,11,0,1,0,7,0,0,0,0,1,0.014187,0.013228,0.013528,0,1.01,8,1.01,8,0,1.01,0,1.02,0.114734,0,0,0,0.012229,0,1,0.015184,1.07,0.000206,0.014187
org.eclipse.osgi.framework.adaptor.ClassLoaderDelegate,0,0.00819,0.047139,0,0,0.00642,0.010095,3.04,0,2.904433,0,0,1.01,0,0,4,0,0,0.652008,0,0,1.01,0,6,0,4,0,12,0,0,6,0,4,0.009713,0,0.008623,1.01,1.04,12,1.01,0,0,1.01,0,4.05,0.033785,0,0.010716,0,0.009268,0,4,0.056529,1.01,0,0.009728
org.eclipse.osgi.framework.adaptor.ClassLoaderDelegateHook,0,0,0,0,0,0.134092,0,0,0,1.019524,0,0,0,0,0,8,0,0,0.46729,0,0,0,2,10,0,8,0,3,0,0,28,0,8,0,0,0,0,0,5,0,0,0,0,0,0,0.115235,0,0,0,0,0,8,0,0,0.000545,0
org.eclipse.osgi.framework.adaptor.EventPublisher,0,0,0.038098,0,0,0.003287,0,2.03,0,2.124942,0,0,0,0,0,1,0,0,0.478169,0,0,0,1,3,0,1,0,10,0,0,0,0,1,0,0,0,0,0,11,0,0,0,0,0,2.03,0.024982,0,0,0,0,0,1,0.036702,0,0,0
org.eclipse.osgi.framework.adaptor.FilePath,4,0,0,0,0,0.0548,0,0,0,3.264514,0,0,0,0,0,12,0,0,0.887402,0,0,0,0,152,0,10,1,3,0,0,0,0,33,0,0,0,0,0,3,0,12,12,0,0,0,0.102207,0,0,0,0,0,6,0,0,0.000206,0
org.eclipse.osgi.framework.adaptor.FrameworkAdaptor,0,0.022041,0.218501,0,0,0.017104,0.024826,12.19,0,5.374104,0,0,2.04,1,0,25,0,0,1.251181,0,0,2.04,11,28,0,25,0,38,0,0,300,0,25,0.026213,0,0.023752,0,3.05,49,2.04,1,0,2.04,0,12.19,0.073921,0,0,0,0.022871,0,25,0.215996,2.04,0,0.026213
org.eclipse.osgi.framework.adaptor.PermissionStorage,0,0.0089,0.025233,0,0,0.024725,0.010975,2.02,0,5.095405,0,0,1.02,0,0,5,0,0,1.185994,0,0,1.02,0,7,0,5,0,8,0,0,10,0,5,0.010098,0,0.007235,0,1.07,8,1.02,0,0,1.02,0,2.02,0.070064,0,0,0,0.009632,0,5,0.025152,1.02,0,0.010229
org.eclipse.osgi.framework.adaptor.ServiceRegistry,0,0,0,0,0,0.010189,0,0,0,2.364506,0,0,0,0,0,5,0,0,0.555513,0,0,0,4,7,0,5,0,6,0,0,10,0,5,0,0,0,0,0,10,0,0,0,0,0,0,0.033911,0,0,0,0,0,5,0,0,0,0
org.eclipse.osgi.framework.adaptor.StatusException,0,0,0.058824,0,0,0.009683,0,1.01,0,1.276485,0,0,0,4,0,2,0,0,0.456754,0,0,0,0,8,0,2,0,5,0,0,1,0,2,0,0,0,0,0,5,0,4,0,0,0,1.01,0.084097,0,0,0,0,0,2,0.05681,0,0.000206,0
org.eclipse.osgi.framework.console.CommandInterpreter,0,0,0,0,0,0.014939,0,0,0,4.372421,0,0,0,0,0,8,0,0,1.374838,0,0,0,1,10,0,8,0,4,0,0,28,0,8,0,0,0,0,0,5,0,0,0,0,0,0,0.225728,0,0,0,0,0,8,0,0,0.010579,0
org.eclipse.osgi.framework.console.CommandProvider,0,0,0,0,0,0.010189,0,0,0,2.364506,0,0,0,0,0,1,0,0,0.555513,0,0,0,0,3,0,1,0,5,0,0,0,0,1,0,0,0,0,0,5,0,0,0,0,0,0,0.033911,0,0,0,0,0,1,0,0,0,0
org.eclipse.osgi.framework.debug.Debug,0,0,0.063328,2.03,2.03,0.097231,0,5.11,0,5.86254,0.0249,0,0,32,0,20,0,0,1.377294,0,0,0,1,130,0,19,1,34,0,0,0,0,51,0,0.025083,0.03864,0,0,35,0,32,0,0,0,5.11,0.084063,0,0,0,0,0,19,0.062757,3.07,0,0
org.eclipse.osgi.framework.debug.FrameworkDebugOptions,4,0,0.015104,0,0,0.031044,0,1.01,0,2.124345,0,0,0,0,0,11,0,0,0.492872,0,0,0,2,108,0,10,1,9,0,0,25,0,48,0,0,0,1.01,0,11,0,4,4,0,0,2.02,0.02864,0,0.015787,0,0,0,6,0.031057,0,0,0
org.eclipse.osgi.framework.eventmgr.EventDispatcher,0,0,0.108825,0,0,0.010852,0,3.03,0,2.364506,0,0,0,0,0,1,0,0,0.555513,0,0,0,0,3,0,1,0,7,0,0,0,0,1,0,0,0,0,0,7,0,0,0,0,0,3.03,0.033911,0,0,0,0,0,1,0.106432,0,0,0
org.eclipse.osgi.framework.eventmgr.EventListeners,1,0,0.096922,0,0,0.018587,0,2.02,0,4.372421,0,0,0,0,0,7,0,0,1.374838,0,0,0,0,87,0,5,1,6,0,0,0,0,11,0,0,0.088497,1.01,0,6,0,5,5,0,0,3.03,0.225728,0,0.011318,0,0,0,3,0.106432,1.02,0.010579,0
org.eclipse.osgi.framework.eventmgr.EventManager,0,0,0.108825,0,1.01,0.33792,0,3.03,0,5.253447,0,0,0,0,0,6,0,0,1.5529,0,0,1.01,1,47,0,3,1,5,0,0,1,0,12,0,0,0.034599,1.02,0,6,0,4,1,0,0,3.04,0.214629,0,0.011318,0,0,0,1,0.106432,1.01,0.010372,0
org.eclipse.osgi.framework.eventmgr.ListenerQueue,0,0,0.096922,0,0,0.011783,0,2.02,0,3.806104,0,0,0,0,0,4,0,0,1.023402,0,0,0,3,47,0,3,1,4,0,0,0,0,15,0,0,0,1.02,0,7,0,3,2,0,0,3.04,0.112465,0,0.011318,0,0,0,3,0.106432,0,0.000206,0
org.eclipse.osgi.framework.internal.core.AbstractBundle,2,0.219843,0.275997,0,4.04,0.425993,0.084797,11.19,0,15.816416,0,0,7.2,0,2,68,0,0,4.324616,0,0,7.2,35,623,0,67,1,39,0,0,1569,0,161,0.09518,0.04139,0.55709,9.19,21.03,65,16.64,7,0,6.12,0,15.32,0.47911,0,0.127713,0,0.220813,0,31,0.340368,22.99,0.036199,0.095325
org.eclipse.osgi.framework.internal.core.AliasMapper,0,0,0,0,0,0.008811,0,0,0,2.549254,0,0,0,0,0,4,0,0,0.597139,0,0,0,3,101,0,3,1,2,0,0,3,0,20,0,0,0,0,0,5,0,2,2,0,0,0,0.036093,0,0,0,0,0,2,0,0,0,0
org.eclipse.osgi.framework.internal.core.BundleCombinedPermissions,0,0.0089,0.01013,0,2.04,0.067068,0.010975,1.01,0.021498,4.49691,0,0,1.03,0,0,9,0,2.04,1.162307,0,0,1.03,4,61,0,8,3,2,0,0,8,0,20,0.010098,0.020779,0.029803,3.05,1.04,6,1.09,7,7,1.01,0,3.06,0.116243,0,0.033887,0,0.009632,0,4,0.033931,3.39,0.000206,0.010229
org.eclipse.osgi.framework.internal.core.BundleContextImpl,1,0.099925,0.0222,1.02,1.02,0.132528,0.010095,3.03,0.088093,8.08422,0.009034,1.01,2.05,2,0,39,0.009292,1.02,2.159573,0,0,2.05,36,608,0,38,1,11,0,0,107,0,121,0.115436,0.009963,0.159797,5.08,3.07,42,8.28,12,3,1.01,0,6.08,0.234461,0,0.058223,0,0.191537,0,24,0.074142,7.84,0.011528,0.115451
org.eclipse.osgi.framework.internal.core.BundleFragment,0,0.00819,0.05,0,0,0.032315,0.010095,1.01,0,6.71725,0,0,0,0,0,17,0,0,1.737859,0,0.048982,0,18,162,7,16,2,5,0,0,100,4.04,36,0,0,0.043508,2.03,1.1,20,4.12,1,0,1.02,0,3.03,0.167555,7.16,0.020438,0.100167,0.039993,54,4,0.065224,5.51,0.000206,0
org.eclipse.osgi.framework.internal.core.BundleHost,1,0.026371,0.045075,0,1.01,0.245587,0.010095,3.04,0,14.453222,0,1.01,2.02,0,1,21,0.009292,0,3.720099,0,0.048982,2.02,31,392,7,20,2,17,0,0,136,4.04,85,0.029698,0.009963,0.441173,2.05,3.05,39,9.22,3,1,1.01,0,4.07,0.338672,7.15,0.030224,0.100167,0.13067,54,4,0.053856,18.57,0.035447,0.029713
org.eclipse.osgi.framework.internal.core.BundleLoader,19,0.299113,0.0472,5.1,9.23,0.926367,0.020061,3.06,0.189254,17.467669,0.054914,9.2,12.26,8,1,51,0.185636,4.23,4.551767,0,0,12.26,36,836,0,50,1,16,0,0,983,0,174,0.317159,0.266255,0.447788,8.12,26.03,44,17.83,34,23,2.03,0,8.17,0.426585,0,0.187509,0,0.369809,0,8,0.191403,29.78,0.000267,0.317285
org.eclipse.osgi.framework.internal.core.BundleLoaderProxy,0,0.071985,0.033964,0,1.04,0.205237,0.020061,3.06,0.022339,9.273799,0,1.02,2.07,0,0,18,0.009292,2.05,2.425692,0,0,2.07,24,150,0,17,1,13,0,0,46,0,53,0.030121,0.009963,0.187011,3.06,6.11,31,8.27,5,5,2.13,0,4.08,0.231094,0,0.033286,0,0.175843,0,6,0.046132,7.63,0.000206,0.030136
org.eclipse.osgi.framework.internal.core.BundlePermissionCollection,0,0,0.011904,0,1.01,0.1203,0,1.01,0,2.421242,0,0,0,0,2,2,0,1.01,0.570959,0,0,0,0,4,0,1,2,5,0,0,0,0,2,0,0,0,2.02,0,5,0,1,1,0,0,1.01,0.037718,0,0.023771,0,0,0,0,0.011857,1.01,0,0
org.eclipse.osgi.framework.internal.core.BundleProtectionDomainImpl,0,0.009636,0,0,1.01,0.019278,0.010919,0,0,2.615191,0,0,1.03,0,0,1,0,0,0.585945,0,0,1.03,2,7,0,0,3,1,0,0,0,0,2,0.011435,0.011544,0.009617,0,1.03,3,1.03,1,0,1.03,0,0,0.030148,0,0,0,0.010319,0,0,0,1.09,0,0.011435
org.eclipse.osgi.framework.internal.core.BundleRepository,0,0,0,0,1.01,0.031129,0.010095,0,0.018527,6.399452,0,0,1.02,0,0,8,0,1.01,1.65281,0,0,1.02,6,107,0,7,1,5,0,0,0,0,31,0.009713,0.017832,0.039235,4.05,0,10,3.11,3,3,1.02,0,3.03,0.155975,0,0.129853,0,0.029609,0,7,0.122594,4.28,0.000206,0.009728
org.eclipse.osgi.framework.internal.core.BundleResourceHandler,0,0.051168,0.041846,1.01,2.02,0.114012,0,1.01,0.045455,7.597401,0.041741,0,0,2,2,14,0,1.01,1.845818,0,0,0,14,184,0,12,2,2,0,0,54,0,55,0,0.05071,0.092081,2.04,2.08,16,3.05,4,1,0,0,2.03,0.130084,0,0.056879,0,0.069677,0,1,0.059762,5.18,0,0
org.eclipse.osgi.framework.internal.core.BundleSource,0,0,0,0,0,0.008651,0,0,0,1.722816,0,0,0,0,0,3,0,0,0.409081,0,0,0,0,13,0,2,2,0,0,0,1,0,4,0,0,0,0,0,0,0,1,1,0,0,0,0.02589,0,0,0,0,0,2,0,0,0,0
org.eclipse.osgi.framework.internal.core.BundleURLConnection,0,0,0,0,0,0.008518,0,0,0,3.975467,0,0,0,0,0,10,0,0,0.936674,0,0,0,3,69,0,9,2,2,0,0,2,0,22,0,0,0,0,0,5,0,3,0,0,0,0,0.057509,0,0,0,0,0,9,0,0,0,0
org.eclipse.osgi.framework.internal.core.ConditionalPermissionAdminImpl,1,0,0.031325,1.04,2.05,0.050579,0.011652,2.03,0.022882,5.591746,0.012491,1.01,1.03,4,0,8,0.010224,2.04,1.407423,0,0,1.03,18,124,0,7,1,7,0,0,0,0,47,0.01163,0.025595,0.141198,2.05,0,22,4.31,8,4,1.02,0,3.07,0.128735,0,0.024767,0,0.042154,0,5,0.040919,6.72,0.000206,0.011664
org.eclipse.osgi.framework.internal.core.ConditionalPermissionInfoImpl,1,0.029645,0.024986,0,3.05,0.141831,0.037216,2.02,0.026275,7.967119,0,1.01,3.04,0,0,12,0.014085,2.06,1.952746,0,0,3.05,8,184,0,10,1,5,0,0,23,0,53,0.035767,0.036872,0.081944,1.02,3.14,12,7.35,11,9,3.05,0,2.02,0.159281,0,0.013449,0,0.075478,0,5,0.024803,9.61,0.000206,0.036233
org.eclipse.osgi.framework.internal.core.ConditionalPermissionSet,1,0.017637,0,0,2.02,0.093885,0,0,0.024728,4.201322,0,1.01,2.02,0,0,10,0.011364,2.05,0.956621,0,0,2.02,7,141,0,9,3,3,0,1.01,6,0,28,0.023619,0.023089,0.05069,3.04,2.03,10,3.07,6,6,0,0,3.04,0.052128,0,0.035448,0,0.033095,0,3,0.03201,5.58,0,0.023654
org.eclipse.osgi.framework.internal.core.ConditionalPermissions,2,0.008243,0,0,0,0.058479,0,0,0.013365,5.629569,0,1.01,1.01,0,0,9,0.012453,1.05,1.279782,0,0,1.01,10,139,0,8,2,2,0,0,6,0,36,0.01276,0,0.044029,1.01,1.01,12,2.03,6,6,0,0,1.01,0.069328,0,0.013449,0,0.02273,0,3,0.013623,4.1,0,0.01276
org.eclipse.osgi.framework.internal.core.ConsoleMsg,0,0,0,5.5,5.51,0.069483,0,0,0.011195,2.557936,0.030139,0,0,137,0,1,0,1.01,0.693494,0,0.044047,0,1,143,3,0,2,3,0,1.01,0,3.05,2,0,0.046571,0.070954,1.01,0,4,0,138,1,0,0.011494,1.01,0.067438,2.06,0.011047,0.032041,0,6,0,0.007207,5.51,0,0
org.eclipse.osgi.framework.internal.core.Constants,0,0,0.354132,16.34,16.35,0.08996,0.010778,15.28,0.011364,10.886841,0.379689,0,1.02,62,0,3,0,1.01,2.80132,0,0,1.03,1,71,0,2,1,42,0,1.01,0,0,3,0.01086,0.393847,0.349284,0,0,43,1.03,63,1,1.01,0,15.28,0.269981,0,0,0,0.01071,0,1,0.378603,16.41,0.000691,0.010895
org.eclipse.osgi.framework.internal.core.DependentPolicy,2,0,0,0,0,0.077505,0,0,0,2.702885,0,0,0,0,1,6,0,0,0.665124,0,0,0,6,78,0,5,1,2,0,0,0,0,21,0,0,0.035204,0,0,8,2.11,3,0,0,0,0,0.047161,0,0,0,0.03793,0,3,0,2.15,0,0
org.eclipse.osgi.framework.internal.core.ExportedPackageImpl,0,0.05915,0,0,1.02,0.097263,0.013333,0,0.051854,5.28204,0,2.08,4.12,0,0,9,0.020124,1.03,1.283928,0,0.0107,4.12,13,66,0,8,1,1,0,1.02,8,1.02,30,0.086005,0.009963,0.070406,1.02,4.47,14,4.23,3,3,1.01,0.010203,1.01,0.093056,1.08,0.010321,0.009864,0.081795,0,7,0.010339,4.7,0,0.08602
org.eclipse.osgi.framework.internal.core.FilterImpl,1,0.052612,0.147111,0,1.01,0.364445,0.059382,8.09,0,6.211071,0,1.01,3.06,0,0,32,0.025508,0,1.617798,0,0,3.06,8,890,0,30,1,8,0,0,239,0,92,0.058122,0.009963,0.187993,1.01,3.99,16,7.17,15,0,3.04,0,8.1,0.156983,0,0.022727,0,0.183787,0,9,0.144698,8.87,0.000206,0.058136
org.eclipse.osgi.framework.internal.core.FilteredServiceListener,0,0,0,0,2.03,0.08508,0,0,0.016474,2.669353,0,0,0,0,0,3,0,1.05,0.754219,0,0,0,10,55,0,2,1,1,0,0,0,0,22,0,0.031472,0.115389,1.02,0,10,3.09,5,5,0,0,1.01,0.096055,0,0.010321,0,0.124203,0,2,0.010339,3.36,0.000206,0
org.eclipse.osgi.framework.internal.core.FilteredSourcePackage,5,0.009955,0,0,1.01,0.02278,0.010174,0,0,4.016368,0,0,1.01,0,0,10,0,0,0.990741,0,0.009544,1.01,5,71,2,9,3,1,0,0,36,2.02,22,0.010461,0.01107,0.009938,1.01,1.08,5,2.02,4,1,1.01,0,1.01,0.076309,1.01,0.010716,0.011297,0.020068,9,4,0.010513,1.1,0,0.010461
org.eclipse.osgi.framework.internal.core.Framework,21,0.285172,0.16059,2.02,16.25,0.962268,0.111979,9.11,0.160158,22.568034,0.022675,11.25,13.3,0,0,62,0.18652,8.16,6.0022,0,0,13.3,54,1127,0,61,1,21,0,0,1524,0,273,0.336682,0.460133,0.753676,10.23,29.66,66,33.68,45,14,3.05,0,14.28,0.608966,0,0.317286,0,0.797404,0,15,0.416893,39.74,0.000775,0.336682
org.eclipse.osgi.framework.internal.core.FrameworkCommandInterpreter,7,0.010556,0,0,2.02,0.26909,0,0,0,6.082987,0,1.01,1.01,0,0,21,0.009996,2.02,1.694767,0,0,1.01,7,308,0,20,1,1,0,0,112,0,78,0.010535,0.008587,0.044521,0,1.07,7,4.06,10,8,0,0,0,0.191708,0,0,0,0.064553,0,10,0,2.17,0.000206,0.010535
org.eclipse.osgi.framework.internal.core.FrameworkCommandProvider,7,0.167603,0,0,3.04,0.601914,0.05485,0,0.064371,12.283149,0,3.04,7.1,0,0,67,0.071911,3.04,3.209953,0,0,7.1,45,1337,0,66,1,1,0,0,1735,0,251,0.153899,0.080547,0.247055,10.21,12.91,46,13.61,9,9,5.06,0,10.21,0.286999,0,0.147909,0,0.240255,0,53,0.193041,17.07,0,0.153949
org.eclipse.osgi.framework.internal.core.FrameworkConsole,4,0.041338,0,0,1.01,0.417878,0,0,0,7.996236,0,1.01,2.02,0,0,19,0.029214,0,2.468792,0,0,2.03,12,207,0,16,1,1,0,0,50,0,65,0.047738,0.03094,0.296149,2.03,3.17,12,4.11,16,0,2.03,0,2.03,0.362266,0,0.033644,0,0.072241,0,9,0.034355,8.51,0.010582,0.046053
org.eclipse.osgi.framework.internal.core.FrameworkProperties,0,0,0.580303,0,0,0.03766,0,9.12,0,1.754226,0,0,0,0,0,6,0,0,0.557121,0,0,0,0,41,0,5,1,39,0,0,0,0,20,0,0,0,0,0,39,0,2,2,0,0,9.12,0.087092,0,0,0,0,0,5,0.575383,0,0.000206,0
org.eclipse.osgi.framework.internal.core.FrameworkSecurityManager,1,0.011119,0.110032,0,0,0.076602,0.014085,1.01,0,4.08203,0,0,1.01,0,0,8,0,0,1.102467,0,0,1.01,1,118,0,7,2,3,0,0,15,0,44,0.013277,0,0.036761,0,1.02,4,3.11,1,0,1.01,0,1.01,0.120731,0,0,0,0.0356,0,5,0.101076,3.19,0.000206,0.013674
org.eclipse.osgi.framework.internal.core.GlobalPolicy,0,0,0,0,0,0.095015,0,0,0,2.702885,0,0,0,0,0,4,0,0,0.665124,0,0,0,5,35,0,3,1,1,0,0,0,0,13,0,0,0.035204,0,0,6,2.13,1,1,0,0,0,0.047161,0,0,0,0.03793,0,3,0,2.23,0,0
org.eclipse.osgi.framework.internal.core.IBuddyPolicy,0,0,0,0,0,0.003523,0,0,0,0.826438,0,0,0,0,0,3,0,0,0.188059,0,0,0,0,5,0,3,0,5,0,0,3,0,3,0,0,0,0,0,5,0,0,0,0,0,0,0.010203,0,0,0,0,0,3,0,0,0,0
org.eclipse.osgi.framework.internal.core.ManifestLocalization,5,0,0.043478,0,0,0.083648,0,1.01,0,3.886262,0,0,0,0,0,8,0,0,1.200294,0,0,0,5,132,0,7,1,4,0,0,17,0,48,0,0,0.331001,1.01,0,8,2.04,4,4,0,0,2.02,0.171553,0,0.010321,0,0.031555,0,0,0.053817,5.18,0.081423,0
org.eclipse.osgi.framework.internal.core.Msg,0,0,0.083335,7.74,7.75,0.057189,0,3.04,0.011195,4.088244,0.258852,0,0,61,0,1,0,1.01,1.19622,0,0.044047,0,1,67,3,0,2,17,0,1.01,0,3.05,2,0,0.249493,0.214173,1.01,0,18,0,62,1,0,0.011494,4.05,0.152433,2.06,0.011047,0.032041,0,6,0,0.089153,7.75,0.000485,0
org.eclipse.osgi.framework.internal.core.MultiSourcePackage,0,0.00819,0,0,0,0.027231,0.010095,0,0,3.735693,0,0,1.01,0,0,5,0,0,0.889318,0,0,1.01,3,34,1,4,2,1,0,0,0,0,10,0.009713,0,0.040853,1.01,1.03,3,3.14,1,0,1.01,0,0,0.057913,2.02,0.024024,0.021161,0.043925,7,4,0,3.48,0,0.009728
org.eclipse.osgi.framework.internal.core.NullPackageSource,0,0.018162,0,0,1.01,0.014748,0.020061,0,0,4.561409,0,0,2.02,0,0,8,0,0,1.199894,0,0,2.02,4,34,1,7,2,1,0,0,21,0,12,0.020367,0.011028,0.018183,1.02,2.11,5,2.06,1,0,2.02,0,1.02,0.123137,2.02,0.010716,0.021161,0.01998,6,7,0.010513,2.14,0.000206,0.020381
org.eclipse.osgi.framework.internal.core.OSGi,0,0,0,0,0,0.017798,0,0,0,2.99096,0,0,0,0,0,8,0,0,0.8411,0,0,0,7,34,0,7,1,4,0,0,1,0,17,0,0,0,1.01,0,11,1.01,1,0,0,0,1.01,0.103186,0,0.011047,0,0.010384,0,5,0.007207,0,0.000206,0
org.eclipse.osgi.framework.internal.core.PackageAdminImpl,10,0.162651,0.089132,0,1.06,0.667674,0.010095,7.13,0.010711,17.729008,0,7.08,7.1,0,0,26,0.072333,1.03,4.911328,0,0,7.1,44,487,0,25,1,8,0,0,90,0,146,0.199832,0.009963,0.632281,9.11,10.08,48,21.52,1,0,1.02,0,12.18,0.55402,0,0.152648,0,0.540582,0,11,0.189921,25,0.000775,0.198197
org.eclipse.osgi.framework.internal.core.PackageSource,0,0.018144,0.010178,0,0,0.020274,0.02027,1.02,0,6.161441,0,0,2.03,0,3,12,0,0,1.517957,0,0,2.03,2,43,0,11,1,8,0,0,43,0,16,0.020174,0,0.033353,2.02,2.27,9,3.05,1,0,2.03,0,2.03,0.113024,0,0.019866,0,0.029336,0,11,0.020852,3.34,0,0.020189
org.eclipse.osgi.framework.internal.core.ParentPolicy,0,0,0,0,0,0.005284,0,0,0,0.826438,0,0,0,0,0,4,0,0,0.188059,0,0,0,1,11,0,3,1,0,0,0,3,0,4,0,0,0,0,0,1,0,0,0,0,0,0,0.010203,0,0,0,0,0,3,0,0,0,0
org.eclipse.osgi.framework.internal.core.PermissionAdminImpl,0,0.029414,0.029447,0,1.01,0.119835,0,2.02,0.009517,7.735003,0,0,1.01,0,0,14,0,1.01,1.930471,0,0,1.01,22,267,0,13,1,6,0,0,30,0,59,0.013277,0.013158,0.061777,3.13,3.49,26,4.34,6,1,0,0,4.14,0.164404,0,0.036724,0,0.042082,0,5,0.052187,6.97,0.000206,0.013674
org.eclipse.osgi.framework.internal.core.PermissionsHash,0,0,0.019795,0,0,0.008651,0,2.02,0,1.722816,0,0,0,0,0,4,0,0,0.409081,0,0,0,0,29,0,3,2,1,0,0,0,0,14,0,0,0,0,0,1,0,2,1,0,0,2.02,0.02589,0,0,0,0,0,3,0.020831,0,0,0
org.eclipse.osgi.framework.internal.core.PolicyHandler,3,0,0,0,0,0.069594,0,0,0,3.318045,0,0,0,0,0,9,0,0,0.944954,0,0,0,13,126,0,8,1,1,0,0,12,0,44,0,0,0.015291,0,0,13,2.07,11,9,0,0,0,0.115513,0,0,0,0.03793,0,4,0,1.09,0.000206,0
org.eclipse.osgi.framework.internal.core.ReferenceInputStream,0,0,0.015104,0,0,0.00925,0,1.02,0,2.549254,0,0,0,0,0,3,0,0,0.597139,0,0,0,0,12,0,2,2,3,0,0,1,0,4,0,0,0,0,0,3,0,1,0,0,0,1.02,0.036093,0,0,0,0,0,2,0.015184,0,0,0
org.eclipse.osgi.framework.internal.core.RegisteredPolicy,0,0,0,0,0,0.08389,0,0,0,2.702885,0,0,0,0,0,4,0,0,0.665124,0,0,0,11,76,3,3,2,1,0,0,3,0,24,0,0,0.035204,0,0,12,2.11,0,0,0,0,0,0.047161,0,0,0,0.03793,0,3,0,2.21,0,0
org.eclipse.osgi.framework.internal.core.SecurePermissionStorage,0,0,0,0,0,0.017217,0,0,0,4.217299,0,0,0,0,0,7,0,0,0.973449,0,0,0,1,76,0,6,1,1,0,0,0,0,15,0,0,0,0,0,2,0,10,10,0,0,0,0.056154,0,0,0,0,0,6,0,0,0,0
org.eclipse.osgi.framework.internal.core.ServiceReferenceImpl,1,0,0,0,0,0.059064,0.010095,0,0,4.221416,0,1.01,2.02,0,0,14,0.01194,0,1.137223,0,0,2.02,11,101,0,13,1,7,0,0,0,0,35,0.021739,0,0.066514,3.07,0,15,5.17,1,0,1.01,0,3.05,0.12395,0,0.041412,0,0.142801,0,9,0.03654,5.54,0.000206,0.021754
org.eclipse.osgi.framework.internal.core.ServiceRegistrationImpl,1,0,0.019608,2.06,1.03,0.386302,0,1.01,0.088093,7.79278,0.110715,1.01,1.04,0,0,17,0.108389,1.1,2.007321,0,0,1.04,16,286,0,16,1,6,0,0,0,0,52,0.105723,0.009309,0.150984,2.02,0,19,3.07,15,10,0,0,3.03,0.183062,0,0.029615,0,0.127493,0,4,0.046152,5.79,0.000206,0.105723
org.eclipse.osgi.framework.internal.core.ServiceRegistryImpl,0,0,0,0,0,0.021041,0,0,0,2.715509,0,0,0,0,0,7,0,0,0.639422,0,0,0,6,110,0,6,1,1,0,0,0,0,19,0,0,0,1.01,0,7,1.01,3,0,0,0,1.01,0.039353,0,0,0,0.015505,0,6,0.019608,0,0,0
org.eclipse.osgi.framework.internal.core.ServiceUse,0,0,0,0,0,0.05706,0,0,0.088093,3.460395,0,0,0,0,0,4,0,1.05,1.057849,0,0,0,12,113,0,3,1,1,0,0,0,0,19,0,0,0.09712,2.02,0,12,0,5,5,0,0,2.02,0.162477,0,0.09892,0,0,0,0,0.111415,2.26,0.000691,0
org.eclipse.osgi.framework.internal.core.SingleSourcePackage,0,0,0.010296,0,2.02,0.018029,0.02027,1.02,0,4.016368,0,0,2.02,0,1,7,0,0,0.990741,0,0,2.02,3,30,1,6,2,6,0,0,0,0,13,0.020174,0.059118,0.057102,1.01,0,6,3.08,1,0,2.02,0,1.01,0.076309,2.02,0.010321,0.021161,0.059046,7,6,0.010339,3.15,0,0.020189
org.eclipse.osgi.framework.internal.core.StartLevelEvent,0,0,0,0,0,0.008651,0,0,0,1.722816,0,0,0,2,0,4,0,0,0.409081,0,0,0,1,23,0,3,2,1,0,0,3,0,5,0,0,0,0,0,2,0,6,4,0,0,0,0.02589,0,0,0,0,0,3,0,0,0,0
org.eclipse.osgi.framework.internal.core.StartLevelManager,8,0.10096,0.03513,0,3.03,0.412807,0.093122,2.02,0.063391,9.749815,0,1.01,4.06,0,0,30,0.02381,3.03,2.614834,0,0,4.06,27,388,0,29,1,7,0,0,228,0,98,0.112581,0.064839,0.315614,5.08,7.99,31,13.28,8,3,3.03,0,5.07,0.274717,0,0.250231,0,0.450525,0,12,0.267591,12.98,0.002196,0.112581
org.eclipse.osgi.framework.internal.core.SystemBundle,0,0.197494,0.059659,0,1.01,0.208491,0.010095,5.05,0,6.865403,0,0,5.11,0,0,20,0,0,1.979983,0,0.048982,5.11,16,100,9,19,3,9,0,0,169,4.05,48,0.030671,0.00703,0.256088,5.08,7.28,22,7.2,1,0,3.03,0,7.11,0.269901,11.14,0.074694,0.110922,0.339037,57,8,0.101803,6.44,0.012012,0.030852
org.eclipse.osgi.framework.internal.core.SystemBundleActivator,0,0,0,0,1.01,0.02652,0,0,0,3.784005,0,0,0,0,0,4,0,0,0.902292,0,0,0,18,55,0,3,1,0,0,0,0,0,19,0,0.00703,0.049989,3.04,0,18,2.02,8,0,0,0,3.04,0.061955,0,0.064642,0,0.019652,0,2,0.060654,4.07,0,0
org.eclipse.osgi.framework.internal.core.SystemBundleLoader,1,0.052981,0.030586,1.01,3.05,0.171493,0.030374,2.02,0.060972,3.44074,0,1.01,3.08,1,0,12,0.040483,2.04,0.852342,0,0.043199,3.08,11,115,11,11,2,3,0,0,35,6.18,39,0.075572,0.077817,0.065387,2.07,3.77,12,3.29,5,4,2.02,0,4.1,0.066792,10.23,0.05614,0.160316,0.068821,22,5,0.084762,3.92,0,0.075572
org.eclipse.osgi.framework.internal.core.SystemPolicy,0,0,0,0,0,0.015975,0,0,0,1.441598,0,0,0,3,0,7,0,0,0.467889,0,0,0,1,52,0,5,1,1,0,0,0,0,15,0,0,0,0,0,2,0,5,2,0,0,0,0.078554,0,0,0,0,0,4,0,0,0.000206,0
org.eclipse.osgi.framework.internal.core.Tokenizer,1,0,0,0,0,0.057413,0,0,0,2.220037,0,1.01,1.01,0,0,6,0.020109,0,0.546214,0,0,1.01,0,96,0,5,1,3,0,0,0,0,12,0.020241,0,0.019913,0,0,3,1.02,3,0,0,0,0,0.038836,0,0,0,0.022656,0,4,0,1.29,0,0.020241
org.eclipse.osgi.framework.internal.core.Util,0,0,0.093382,0,0,0.008651,0,5.05,0,1.722816,0,0,0,0,0,8,0,0,0.409081,0,0,0,0,94,0,7,1,5,0,0,21,0,18,0,0,0,0,0,5,0,0,0,0,0,5.05,0.02589,0,0,0,0,0,7,0.090608,0,0,0
org.eclipse.osgi.framework.internal.protocol.ContentHandlerFactory,0,0.010479,0.015104,0,2.02,0.03497,0.027596,1.01,0.025344,7.78006,0,0,2.04,0,0,6,0,2.02,1.853058,0,0.016129,2.04,15,98,3,5,2,2,0,1.01,4,1.03,42,0.027684,0.025308,0.072432,3.1,1.04,16,4.23,7,7,2.04,0.016129,3.1,0.118999,1.06,0.045678,0.016129,0.051096,6,5,0.048612,6.41,0,0.027684
org.eclipse.osgi.framework.internal.protocol.ContentHandlerProxy,2,0.015092,0,0,0,0.083664,0,0,0,3.514094,0,0,0,0,0,7,0,0,0.946167,0,0,0,8,68,0,6,2,1,0,0,1,0,18,0,0,0.034637,1.02,1.01,9,1.01,6,0,0,0,1.02,0.106094,0,0.011667,0,0.016856,0,4,0.011335,3.1,0.000206,0
org.eclipse.osgi.framework.internal.protocol.MultiplexingContentHandler,0,0,0,0,0,0.004409,0,0,0,1.256077,0,0,0,0,0,2,0,0,0.306255,0,0,0,1,14,0,1,2,1,0,0,0,0,5,0,0,0,0,0,1,0,2,2,0,0,0,0.020796,0,0,0,0,0,1,0,0,0,0
org.eclipse.osgi.framework.internal.protocol.MultiplexingFactory,1,0,0,0,0,0.0091,0,0,0,1.256077,0,0,0,0,2,10,0,0,0.306255,0,0,0,7,99,0,9,1,4,0,0,14,0,39,0,0,0,0,0,11,0,6,3,0,0,0,0.020796,0,0,0,0,0,8,0,0,0,0
org.eclipse.osgi.framework.internal.protocol.MultiplexingURLStreamHandler,1,0,0,0,0,0.030192,0,0,0,1.584056,0,0,0,0,0,12,0,0,0.417625,0,0,0,5,177,0,11,2,1,0,0,0,0,30,0,0,0.04244,0,0,5,0,14,14,0,0,0,0.038058,0,0,0,0,0,0,0,1.02,0,0
org.eclipse.osgi.framework.internal.protocol.NullURLStreamHandlerService,0,0,0,0,0,0.008651,0,0,0,1.722816,0,0,0,0,0,12,0,0,0.409081,0,0,0,2,35,0,11,1,1,0,0,55,0,14,0,0,0,0,0,3,0,0,0,0,0,0,0.02589,0,0,0,0,0,11,0,0,0,0
org.eclipse.osgi.framework.internal.protocol.ProtocolActivator,0,0,0.041846,0,0,0.008651,0,1.01,0,1.722816,0,0,0,0,0,1,0,0,0.409081,0,0,0,2,3,0,1,0,2,0,0,0,0,1,0,0,0,0,0,4,0,0,0,0,0,1.01,0.02589,0,0,0,0,0,1,0.044578,0,0,0
org.eclipse.osgi.framework.internal.protocol.StreamHandlerFactory,1,0.010479,0.038787,0,5.05,0.073047,0.027596,3.03,0.053571,8.381478,0,1.01,3.05,0,0,7,0.014085,4.04,1.996117,0,0.016129,3.05,16,116,3,6,2,5,0,1.01,3,1.03,47,0.040961,0.061685,0.110415,4.09,1.03,19,8.28,8,4,2.03,0.016129,5.11,0.127932,1.06,0.059085,0.016129,0.102989,6,4,0.073571,9.47,0,0.041358
org.eclipse.osgi.framework.internal.protocol.URLStreamHandlerProxy,2,0.015092,0,0,1.01,0.085153,0,0,0,3.514094,0,0,0,0,0,17,0,0,0.946167,0,0,0,12,100,0,16,2,2,0,0,18,0,37,0,0,0.034637,1.01,1.18,12,1.01,7,0,0,0,1.01,0.106094,0,0.011667,0,0.016856,0,5,0.011335,3.14,0.000206,0
org.eclipse.osgi.framework.internal.protocol.URLStreamHandlerSetter,0,0,0,0,0,0.008651,0,0,0,1.722816,0,0,0,0,0,3,0,0,0.409081,0,0,0,2,12,0,2,1,1,0,0,0,0,5,0,0,0,0,0,2,0,1,0,0,0,0,0.02589,0,0,0,0,0,2,0,0,0,0
org.eclipse.osgi.framework.internal.protocol.bundleentry.Handler,0,0,0,0,0,0.020981,0,0,0,3.921999,0,0,0,0,0,3,0,0,0.971783,0,0.011236,0,7,15,3,1,3,1,0,0,0,1.01,10,0,0,0,1.01,0,7,0,0,0,0,0,1.01,0.074041,1.01,0.043019,0.009864,0,11,0,0.044578,0,0,0
org.eclipse.osgi.framework.internal.protocol.bundleresource.Handler,0,0,0,0,0,0.018323,0,0,0,3.921999,0,0,0,0,0,3,0,0,0.971783,0,0.011236,0,6,27,3,1,3,1,0,0,0,1.01,14,0,0,0.008623,2.02,0,7,2.05,0,0,0,0,2.02,0.074041,1.01,0.05334,0.009864,0.021497,11,0,0.054917,1.1,0,0
org.eclipse.osgi.framework.internal.protocol.reference.Handler,0,0,0,0,0,0.008651,0,0,0,1.722816,0,0,0,0,0,3,0,0,0.409081,0,0,0,1,14,0,2,2,0,0,0,1,0,8,0,0,0,0,0,1,0,0,0,0,0,0,0.02589,0,0,0,0,0,0,0,0,0,0
org.eclipse.osgi.framework.internal.protocol.reference.ReferenceURLConnection,2,0.009636,0,0,0,0.028782,0,0,0,3.94055,0,1.02,1.02,0,0,7,0.011632,0,0.902997,0,0,1.02,3,46,0,6,2,1,0,0,13,0,22,0.011435,0,0.017917,2.02,1.09,4,3.11,1,0,0,0,2.02,0.050326,0,0.027411,0,0.029383,0,4,0.028148,2.21,0,0.011435
org.eclipse.osgi.framework.internal.reliablefile.ReliableFile,6,0.010108,0.041797,1.04,1.04,0.225174,0.009873,3.06,0.060795,4.780048,0.010982,1.02,1.04,8,0,27,0.011402,2.09,1.181801,0,0,1.04,1,524,0,26,1,3,0,0,237,0,88,0.011094,0.011319,0.063406,1.01,1.48,4,3.23,25,17,1.05,0,4.07,0.091592,0,0.015787,0,0.070541,0,8,0.057488,3.24,0,0.011039
org.eclipse.osgi.framework.internal.reliablefile.ReliableFileInputStream,0,0,0.041797,0,0,0.013055,0,3.06,0,2.967568,0,0,0,0,0,13,0,0,0.70313,0,0,1.01,1,82,0,9,3,1,0,0,24,0,25,0.011094,0,0.01011,0,0,2,1.01,4,4,0,0,3.06,0.044042,0,0,0,0.008953,0,9,0.041615,1.02,0,0
org.eclipse.osgi.framework.internal.reliablefile.ReliableFileOutputStream,0,0,0.041797,0,1.01,0.015793,0.009873,3.06,0.011212,2.967568,0,0,1.02,0,0,11,0,1.01,0.70313,0,0,1.02,1,71,0,6,3,1,0,0,0,0,31,0.011094,0.011319,0.01011,0,0,2,1.02,3,3,1.02,0,3.06,0.044042,0,0,0,0.008953,0,6,0.041615,1.16,0,0.011039
org.eclipse.osgi.framework.launcher.Launcher,2,0,0,0,0,0.040938,0,0,0,7.225049,0,2.03,0,0,0,11,0.021232,0,1.862879,0,0,0,7,177,0,10,1,1,0,0,39,0,45,0,0,0.040982,1.02,0,8,2.03,7,2,0,0,1.02,0.172604,0,0.028697,0,0.039841,0,2,0.030304,2.04,0.000206,0
org.eclipse.osgi.framework.log.FrameworkLog,0,0,0.108729,1.01,1.01,0.006503,0,7.13,0,2.020546,0.005434,0,0,1,0,7,0,0,0.679807,0,0,0,2,10,0,7,0,25,0,0,21,0,7,0,0.00457,0.008213,0,0,27,0,1,0,0,0,7.13,0.130624,0,0,0,0,0,7,0.105842,1.01,0.010372,0
org.eclipse.osgi.framework.log.FrameworkLogEntry,0,0.014035,0.325958,1.05,1.07,0.033501,0.015353,10.19,0.014787,3.762319,0.010157,0,1.02,5,0,9,0,1.02,1.190906,0,0,1.03,0,51,0,7,1,29,0,0,21,0,9,0.01482,0.0106,0.011567,0,1.11,29,1.03,12,7,1.02,0,10.19,0.197006,0,0,0,0.012153,0,7,0.31207,1.22,0.010396,0.015218
org.eclipse.osgi.framework.util.Headers,3,0.037043,0.066354,0,2.02,0.180147,0.036195,3.03,0.019512,4.324085,0,1.03,3.12,0,0,24,0.008621,1.04,1.042746,0,0,3.12,4,148,0,22,2,7,0,0,153,0,41,0.046875,0.029169,0.039822,1.01,4.5,11,2.08,4,4,2.09,0,4.04,0.069743,0,0.024882,0,0.034021,0,19,0.090964,3.36,0,0.046875
org.eclipse.osgi.framework.util.KeyedElement,0,0,0.036175,0,0,0.00554,0,2.02,0,1.683506,0,0,0,0,0,3,0,0,0.414488,0,0,0,0,5,0,3,0,20,0,0,3,0,3,0,0,0,0,0,20,0,0,0,0,0,2.02,0.029022,0,0,0,0,0,3,0.035528,0,0,0
org.eclipse.osgi.framework.util.KeyedHashSet,3,0,0,0,0,0.019185,0,0,0,3.166758,0,0,0,1,0,27,0,0,0.746224,0,0,0,1,281,0,22,1,7,0,0,1,0,40,0,0,0,0,0,8,0,5,2,0,0,0,0.045983,0,0,0,0,0,17,0,0,0,0
org.eclipse.osgi.framework.util.SecureAction,0,0.029699,0.208852,0,2.02,0.16724,0.107074,9.17,0.011212,8.306064,0,0,8.14,0,0,21,0,1.01,2.145188,0,0,8.14,6,172,0,20,1,18,0,0,0,0,51,0.121224,0.032253,0.10519,4.06,4.41,24,9.33,2,1,8.14,0,11.23,0.196215,0,0.047562,0,0.126296,0,20,0.231306,9.19,0.000206,0.12117
org.eclipse.osgi.internal.baseadaptor.AdaptorMsg,0,0,0.019231,1.01,1.01,0.059373,0,1.01,0,5.990496,0.018366,0,0,22,0,1,0,0,1.545271,0,0.020833,0,1,28,3,0,2,11,0,0,0,1.03,2,0,0.019183,0.016728,0,0,12,0,23,1,0,0,1.01,0.146042,1.02,0,0.020833,0,6,0,0.014892,1.01,0.000206,0
org.eclipse.osgi.internal.baseadaptor.AdaptorUtil,0,0.061049,0.041667,0,0,0.272187,0.039433,1.01,0,3.476909,0,0,2.02,2,0,11,0,0,1.067451,0,0,2.02,13,151,0,10,1,9,0,0,43,0,55,0.038178,0,0.061381,0,2.17,22,2.08,2,0,2.02,0,1.01,0.147501,0,0,0,0.040243,0,10,0.041667,2.3,0.000206,0.038178
org.eclipse.osgi.internal.baseadaptor.BaseClassLoadingHook,2,0.014592,0.017544,0,1.02,0.082401,0.017544,1.01,0.014788,1.445115,0,0,1.01,0,0,10,0,1.02,0.354923,0,0,1.01,14,75,0,9,1,2,0,0,36,0,27,0.017544,0.014788,0.028706,1.02,1.08,16,2.08,2,2,1.01,0,1.03,0.02467,0,0.013553,0,0.030698,0,7,0.015438,2.22,0,0.017544
org.eclipse.osgi.internal.baseadaptor.BaseHookConfigurator,0,0,0,0,0,0.004367,0,0,0,1.256077,0,0,0,0,0,2,0,0,0.306255,0,0,0,8,8,0,1,1,0,0,0,0,0,8,0,0,0,0,0,8,0,0,0,0,0,0,0.020796,0,0,0,0,0,1,0,0,0,0
org.eclipse.osgi.internal.baseadaptor.BasePermissionStorage,0,0,0,0,0,0.003476,0,0,0,0.773229,0,0,0,0,0,8,0,0,0.187345,0,0,0,2,56,0,7,1,1,0,0,9,0,18,0,0,0,0,0,2,0,5,5,0,0,0,0.012471,0,0,0,0,0,7,0,0,0,0
org.eclipse.osgi.internal.baseadaptor.BaseStorage,23,0.132128,0,1.01,5.06,0.641775,0.059389,0,0.093001,10.488025,0,2.07,5.11,6,0,66,0.086002,4.04,3.31858,0,0,5.11,58,993,0,65,1,8,0,0,1730,0,287,0.147199,0.119752,0.557357,6.1,12.52,59,12.58,38,29,3.03,0,6.1,0.491522,0,0.121365,0,0.538025,0,29,0.159707,17.16,0.010862,0.147199
org.eclipse.osgi.internal.baseadaptor.BaseStorageHook,1,0.073477,0.036472,1.03,1.03,0.198718,0.061841,2.02,0,6.244189,0,0,3.03,7,0,42,0,0,1.881554,0,0,3.03,29,322,0,41,1,9,0,0,670,0,146,0.081587,0.019231,0.157273,3.06,3.87,36,4.22,16,9,3.03,0,3.07,0.242151,0,0.038725,0,0.088079,0,35,0.061356,6.66,0.000206,0.081587
org.eclipse.osgi.internal.baseadaptor.BundleInstall,0,0,0,0,0,0.005487,0,0,0,0.773229,0,0,0,0,0,4,0,0,0.187345,0,0,0,18,91,0,3,1,1,0,0,0,0,48,0,0,0,0,0,18,0,3,3,0,0,0,0.012471,0,0,0,0,0,3,0,0,0,0
org.eclipse.osgi.internal.baseadaptor.BundleUninstall,0,0,0,0,0,0.002848,0,0,0,0.773229,0,0,0,0,0,4,0,0,0.187345,0,0,0,8,23,0,3,1,1,0,0,1,0,10,0,0,0,0,0,8,0,2,2,0,0,0,0.012471,0,0,0,0,0,3,0,0,0,0
org.eclipse.osgi.internal.baseadaptor.BundleUpdate,0,0,0,0,0,0.006659,0,0,0,0.773229,0,0,0,0,0,4,0,0,0.187345,0,0,0,18,97,0,3,1,1,0,0,0,0,51,0,0,0,0,0,18,0,4,4,0,0,0,0.012471,0,0,0,0,0,3,0,0,0,0
org.eclipse.osgi.internal.baseadaptor.DefaultClassLoader,0,0.018217,0,0,1.02,0.02472,0,0,0,3.668253,0,0,0,0,0,20,0,1.02,1.018891,0,0,0,12,122,0,19,2,1,0,0,103,0,55,0,0,0.091029,2.03,1.06,12,2.07,6,2,0,0,2.03,0.11011,0,0.015305,0,0.069949,0,16,0.089873,2.1,0.000004,0
org.eclipse.osgi.internal.baseadaptor.DevClassLoadingHook,0,0.013999,0,1.02,1.02,0.065346,0,0,0,1.274969,0.018366,0,1.03,2,0,11,0,0,0.315595,0,0,1.03,12,53,0,10,1,0,0,0,39,0,25,0.016226,0.019183,0.016728,1.01,1.18,12,1.1,2,0,1.03,0,1.01,0.022506,0,0.018568,0,0.016541,0,10,0.019337,1.15,0,0.016226
org.eclipse.osgi.internal.baseadaptor.DevClassPathHelper,2,0,0.112127,0,0,0.026782,0,2.02,0,5.402807,0,0,0,0,0,7,0,0,1.249017,0,0,0,2,59,0,6,1,4,0,0,15,0,15,0,0,0,0,0,6,0,3,3,0,0,2.02,0.071783,0,0,0,0,0,4,0.112144,0,0,0
org.eclipse.osgi.internal.baseadaptor.InvalidVersion,0,0,0,0,0,0.045812,0,0,0,2.951649,0,0,0,0,0,3,0,0,0.846507,0,0,0,1,13,1,2,2,2,0,0,0,0,4,0,0,0,0,0,3,0,1,1,0,0,0,0.106318,0,0,0,0,8,2,0,0,0.000206,0
org.eclipse.osgi.internal.baseadaptor.StateManager,5,0.041381,0,0,0,0.160595,0.056397,0,0,9.945488,0,0,1.02,7,0,24,0,0,2.402003,0,0,1.02,17,169,0,22,1,3,0,0,75,0,64,0.052882,0,0.066324,1.01,1.01,19,1.05,18,11,1.02,0,1.01,0.168451,0,0.055881,0,0.049855,0,17,0.05681,2.13,0,0.052882
org.eclipse.osgi.internal.baseadaptor.SystemBundleData,5,0,0,0,0,0.047103,0,0,0,8.919072,0,0,0,0,0,14,0,0,2.071784,0,0,0,17,101,4,13,2,1,0,0,78,1.01,49,0,0,0.016728,1.02,0,17,1.04,1,1,0,0,1.02,0.122693,1.01,0.018568,0,0.016541,40,8,0.019337,1.05,0,0
org.eclipse.osgi.internal.module.BundleConstraint,0,0.018032,0.041347,0,2.04,0.02365,0.011652,2.02,0.039876,3.162859,0,0,2.12,0,0,2,0,2.04,0.727511,0,0.012758,2.12,5,10,2,1,2,3,0,1.01,0,1.02,4,0.038145,0.039907,0.041406,2.05,2.42,7,3.29,0,0,1.01,0.012987,3.05,0.042093,3.18,0.02137,0.094052,0.04645,18,0,0.049822,3.57,0,0.038179
org.eclipse.osgi.internal.module.GenericCapability,0,0,0,0,0,0.012454,0,0,0,0.604914,0,0,0,0,0,4,0,0,0.148347,0,0.111111,0,4,16,1,3,2,3,0,0,1,1.01,8,0,0,0,0,0,6,0,1,0,0,0,0,0.010253,0,0,0,0,6,3,0,0,0,0
org.eclipse.osgi.internal.module.GenericConstraint,0,0,0,0,0,0.018882,0,0,0,1.267117,0,0,0,0,0,6,0,0,0.365819,0,0,0,6,28,2,5,2,2,0,0,4,0,17,0,0,0,0,0,7,1.02,1,1,0,0,0,0.041786,2.11,0,0.081203,0.039168,17,2,0,0,0,0
org.eclipse.osgi.internal.module.GroupingChecker,3,0.066776,0,0,1.01,0.509473,0.041902,0,0.017241,7.895634,0,4.21,5.15,0,0,11,0.043438,1.01,2.070444,0,0,5.15,8,145,0,10,1,1,0,0,23,0,45,0.084908,0.017241,0.202436,2.06,7.55,9,8.37,2,1,2.06,0,2.06,0.201235,0,0.038658,0,0.141579,0,6,0.039854,11.49,0.000206,0.084943
org.eclipse.osgi.internal.module.MappedList,1,0,0.018868,0,0,0.015951,0,1.01,0,0.449827,0,0,0,0,1,9,0,0,0.103553,0,0,0,0,47,0,8,1,3,0,0,8,0,23,0,0,0,0,0,3,0,1,0,0,0,1.01,0.005842,0,0,0,0,0,6,0.018482,0,0,0
org.eclipse.osgi.internal.module.PermissionChecker,0,0,0.022905,0,2.02,0.063361,0.022626,2.02,0.022477,5.837094,0,0,2.02,0,0,2,0,2.02,1.491766,0,0,2.02,13,52,0,1,1,2,0,0,0,0,15,0.021728,0.018269,0.029575,2.05,0,14,3.08,3,3,2.02,0,3.06,0.139239,0,0.022689,0,0.033259,0,1,0.035217,3.38,0.000206,0.021894
org.eclipse.osgi.internal.module.ResolverBundle,8,0.336418,0.061244,0,5.08,0.540893,0.056251,2.03,0.050865,13.034427,0,7.08,11.27,3,0,46,0.20197,5.08,3.49829,0,0.123869,11.27,24,506,1,45,2,9,0,1.01,842,2.03,128,0.326469,0.09602,0.556374,10.13,24.77,25,18.76,21,18,3.04,0.012987,9.12,0.360414,1.05,0.170474,0.012849,0.403149,5,4,0.170743,23.46,0.001918,0.326484
org.eclipse.osgi.internal.module.ResolverConstraint,0,0.050486,0.044578,0,1.02,0.045826,0.024661,2.02,0.027435,2.959409,0,0,2.11,0,3,20,0,1.02,0.990923,1.01,0,2.11,8,103,0,19,1,6,0.016949,0,65,0,34,0.079147,0.027435,0.105904,0,2.63,12,4.15,4,2,1.02,0,2.02,0.158575,0,0,0,0.210226,0,4,0.04385,3.71,0.000206,0.079147
org.eclipse.osgi.internal.module.ResolverExport,0,0.081407,0.028571,0,2.04,0.045823,0.011652,1.01,0.024069,5.16958,0,3.03,4.1,0,0,6,0.043438,2.04,1.252969,0,0.123869,4.11,6,22,1,5,2,3,0,1.01,10,2.03,9,0.093914,0.0235,0.1011,1.02,4.61,8,3.18,1,1,1.02,0.012987,1.02,0.090697,1.06,0.027404,0.012849,0.075986,6,2,0.027828,6.84,0,0.093948
org.eclipse.osgi.internal.module.ResolverImpl,51,0.575661,0.067737,1.01,9.15,1.614322,0.026848,5.05,0.197253,23.112564,0.016949,16.33,17.36,7,0,66,0.484536,9.14,6.239708,0,0,17.37,43,1428,0,65,1,6,0,0,1074,0,268,0.515171,0.203213,0.942571,14.19,44.97,45,26.38,32,25,2.03,0,14.2,0.637768,0,0.352013,0,0.627496,0,10,0.36234,48.47,0.001978,0.514048
org.eclipse.osgi.internal.module.ResolverImport,0,0.038224,0.028571,0,2.04,0.05233,0,1.01,0.039876,3.680939,0,1.01,3.16,0,0,5,0.011203,2.04,0.847438,0,0.012758,3.16,5,20,2,4,2,3,0,1.01,4,1.02,9,0.050645,0.039907,0.043852,3.08,4.22,7,3.35,1,1,0,0.012987,3.07,0.048961,3.17,0.049374,0.094052,0.047673,17,1,0.050366,4.11,0,0.050679
org.eclipse.osgi.internal.module.VersionHashMap,1,0.100866,0.014357,0,4.04,0.058776,0.118083,1.01,0.134343,5.391013,0,1.01,2.03,0,0,9,0.010224,4.04,1.426434,0,0.012758,2.03,6,71,1,8,2,2,0,1.01,28,1.01,32,0.117353,0.151968,0.127719,4.05,2.56,7,4.11,1,1,2.09,0.012987,5.05,0.143922,2.06,0.135747,0.121195,0.137304,6,5,0.164937,4.77,0.000206,0.117388
org.eclipse.osgi.internal.module.VersionSupplier,0,0.051981,0.028782,0,1.02,0.015128,0.011652,2.04,0.088093,3.388124,0,0,2.05,0,3,9,0,1.01,0.971329,2.03,0,2.06,4,27,0,8,1,8,0.016949,1.01,14,0,12,0.056745,0.012472,0.047869,2.02,2.11,11,2.09,2,1,1.02,0.012987,2.05,0.124493,0,0.056338,0,0.049897,0,5,0.028048,2.22,0.000206,0.05678
org.eclipse.osgi.internal.profile.DefaultProfileLogger,0,0.011192,0,0,1.02,0.1388,0.014925,0,0,1.966687,0,0,1.03,0,0,23,0,0,0.461552,0,0,1.03,4,290,0,22,1,1,0,0,203,0,69,0.014782,0.013749,0.012158,1.01,1.54,4,1.18,24,2,1.02,0,1.01,0.027843,0,0.015787,0,0.012088,0,5,0.015873,1.48,0,0.014782
org.eclipse.osgi.internal.profile.Profile,1,0.011192,0.031599,0,0,0.100195,0.014925,2.02,0,1.966687,0,1.01,1.03,9,0,13,0,0,0.461552,0,0,1.03,4,117,0,12,1,7,0,0,38,0,31,0.014782,0,0.012158,1.01,1.14,10,1.05,21,12,1.02,0,3.03,0.027843,0,0.015787,0,0.012088,0,11,0.047136,1.14,0,0.014782
org.eclipse.osgi.internal.profile.ProfileLogger,0,0.011192,0,0,0,0.015446,0.014925,0,0,1.31047,0,0,1.02,0,0,5,0,0,0.303172,0,0,1.02,0,7,0,5,0,2,0,0,10,0,5,0.014782,0,0.012158,0,1.07,2,1.02,0,0,1.02,0,0,0.017427,0,0,0,0.012088,0,5,0,1.02,0,0.014782
org.eclipse.osgi.internal.provisional.service.security.AuthorizationEngine,1,0,0,0,0,0.003061,0,0,0,0.25403,0,0,0,0,1,5,0,0,0.141645,0,0,0,9,27,0,4,1,4,0,0,6,0,16,0,0,0,0,0,13,0,3,3,0,0,0,0.042338,0,0,0,0,0,2,0,0,0.001712,0
org.eclipse.osgi.internal.provisional.service.security.AuthorizationEvent,0,0,0,0,0,0.003061,0,0,0,0.25403,0,0,0,2,0,5,0,0,0.141645,0,0,0,1,26,0,4,1,3,0,0,6,0,5,0,0,0,0,0,4,0,6,4,0,0,0,0.042338,0,0,0,0,0,4,0,0,0.001712,0
org.eclipse.osgi.internal.provisional.service.security.AuthorizationListener,0,0,0,0,0,0.003061,0,0,0,0.25403,0,0,0,0,0,1,0,0,0.141645,0,0,0,1,3,0,1,0,1,0,0,0,0,1,0,0,0,0,0,2,0,0,0,0,0,0,0.042338,0,0,0,0,0,1,0,0,0.001712,0
org.eclipse.osgi.internal.provisional.service.security.AuthorizationStatus,0,0,0,0,0,0.003061,0,0,0,0.25403,0,0,0,2,0,1,0,0,0.141645,0,0,0,0,4,0,0,1,1,0,0,0,0,1,0,0,0,0,0,1,0,2,0,0,0,0,0.042338,0,0,0,0,0,0,0,0,0.001712,0
org.eclipse.osgi.internal.provisional.verifier.CertificateChain,0,0.018181,0.073666,0,0,0.010811,0.01989,1.04,0,1.122892,0,0,1.01,0,0,6,0,0,0.289652,0,0,1.01,0,8,0,6,0,1,0,0,15,0,6,0.019985,0,0.01803,0,1.05,1,1.01,0,0,1.01,0,1.04,0.023439,0,0,0,0.017256,0,6,0.073683,1.01,0,0.019985
org.eclipse.osgi.internal.provisional.verifier.CertificateTrustAuthority,0,0,0.073666,0,0,0.007368,0,1.04,0,0.661324,0,0,0,0,0,2,0,0,0.176924,0,0,0,0,4,0,2,0,0,0,0,1,0,2,0,0,0,0,0,0,0,0,0,0,0,1.04,0.015746,0,0,0,0,0,2,0.073683,0,0,0
org.eclipse.osgi.internal.provisional.verifier.CertificateVerifier,0,0.018181,0.073666,0,0,0.011822,0.01989,1.02,0,1.656258,0,0,1.01,0,0,4,0,0,0.43735,0,0,1.01,1,6,0,4,0,2,0,0,6,0,4,0.019985,0,0.01803,0,1.03,3,1.01,0,0,1.01,0,1.02,0.037854,0,0,0,0.017256,0,4,0.073683,1.01,0,0.019985
org.eclipse.osgi.internal.provisional.verifier.CertificateVerifierFactory,0,0,0.073666,0,0,0.006914,0,1.01,0,0.461567,0,0,0,0,0,2,0,0,0.112728,0,0,0,2,4,0,2,0,2,0,0,1,0,2,0,0,0,0,0,4,0,0,0,0,0,1.01,0.007693,0,0,0,0,0,2,0.073683,0,0,0
org.eclipse.osgi.internal.resolver.BaseDescriptionImpl,0,0,0.075601,0,0,0.003146,0,3.03,0,2.265848,0,0,0,0,4,5,0,0,0.51882,2.02,0,0,2,18,0,4,1,9,0.064568,0,2,0,5,0,0,0,0,0,11,0,2,2,0,0,3.03,0.029019,0,0,0,0,0,2,0.075711,0,0,0
org.eclipse.osgi.internal.resolver.BundleDeltaImpl,1,0.017826,0,0,0,0.00263,0.021015,0,0,2.136356,0,0,2.02,0,0,9,0,0,0.47777,0,0,2.02,4,52,0,7,1,1,0,0,9,0,18,0.021148,0,0.01824,1.01,2.07,5,2.04,2,2,2.02,0,1.01,0.024426,0,0.010321,0,0.019587,0,4,0.010339,2.11,0,0.021163
org.eclipse.osgi.internal.resolver.BundleDescriptionImpl,2,0.303177,0.127123,0,7.16,0.258114,0.227721,5.06,0.07245,12.106995,0,3.04,9.39,0,0,75,0.032173,6.19,3.217444,0,0,9.39,24,448,0,74,2,13,0,1.01,1377,0,115,0.234429,0.076691,0.320365,6.15,19.86,33,11.77,26,11,8.25,0.010203,9.18,0.326288,1.04,0.181721,0.009864,0.310092,4,34,0.265519,17.93,0.000267,0.234971
org.eclipse.osgi.internal.resolver.BundleSpecificationImpl,0,0.00819,0,0,0,0.004463,0,0,0,2.803782,0,0,1.02,0,0,7,0,0,0.773687,0,0,1.02,7,29,0,6,2,4,0,0,11,0,14,0.009713,0,0.09712,1.05,1.09,11,1.09,2,2,0,0,1.05,0.094446,1.05,0.010321,0.009864,0.009268,9,4,0.010339,2.15,0.000206,0.009728
org.eclipse.osgi.internal.resolver.ComputeNodeOrder,0,0,0,0,0,0.014912,0,0,0,3.126814,0,0,0,0,0,2,0,0,0.783961,0,0,0,0,33,0,1,1,1,0,0,0,0,14,0,0,0,0,0,1,0,0,0,0,0,0,0.062346,0,0,0,0,0,1,0,0,0,0
org.eclipse.osgi.internal.resolver.ExportPackageDescriptionImpl,0,0.126519,0.110786,1.01,4.07,0.052821,0.037251,4.05,0.112728,4.585948,0.013918,0,4.13,1,0,14,0,4.06,1.189629,0,0,4.13,6,104,0,13,2,9,0,0,60,0,22,0.142728,0.131972,0.140853,1.02,6,15,5.11,12,11,3.03,0,5.07,0.119206,0,0.010716,0,0.142373,4,9,0.115018,6.53,0.000206,0.142728
org.eclipse.osgi.internal.resolver.GenericDescriptionImpl,0,0,0,0,0,0.020994,0,0,0,0.604914,0,0,0,0,0,8,0,0,0.148347,0,0,0,6,34,0,7,2,4,0,0,15,0,16,0,0,0,0,0,9,0,3,3,0,0,0,0.010253,0,0,0,0,4,4,0,0,0,0
org.eclipse.osgi.internal.resolver.GenericSpecificationImpl,0,0,0.017857,0,0,0.035227,0,1.01,0,0.604914,0,0,0,0,0,14,0,0,0.148347,0,0,0,8,70,0,13,2,4,0,0,42,0,27,0,0,0,0,0,11,0,4,4,0,0,1.01,0.010253,0,0,0,0,6,8,0.017316,0,0,0
org.eclipse.osgi.internal.resolver.HostSpecificationImpl,0,0.019028,0.010296,0,1.01,0.047636,0.022003,1.01,0.011195,3.430548,0,0,3.04,0,0,9,0,1.01,0.825806,0,0,3.04,7,37,0,8,2,5,0,0,14,0,16,0.030876,0.00457,0.02618,2.04,2.12,12,3.1,2,2,2.02,0,2.05,0.058552,2.07,0.0538,0.020618,0.030361,7,6,0.053817,3.21,0,0.030925
org.eclipse.osgi.internal.resolver.ImportPackageSpecificationImpl,0,0.101707,0,0,2.02,0.112538,0.009966,0,0.024069,7.379957,0,0,0,0,0,13,0,2.02,1.980096,0,0,0,14,126,0,12,2,4,0,0,44,0,44,0,0.0235,0.236594,2.06,2.12,17,5.12,4,4,1.02,0,2.05,0.218879,0,0.024553,0,0.245394,9,9,0.024957,6.4,0.000691,0
org.eclipse.osgi.internal.resolver.NativeCodeDescriptionImpl,1,0,0,0,0,0.068716,0,0,0,0.662203,0,0,0,0,0,20,0,0,0.217472,0,0,0,12,147,0,19,2,5,0,0,155,0,36,0,0,0,0,0,16,0,9,9,0,0,0,0.031533,0,0,0,0,4,10,0,0,0,0
org.eclipse.osgi.internal.resolver.NativeCodeSpecificationImpl,0,0,0,0,0,0.155547,0,0,0,2.092378,0,0,0,0,0,7,0,0,0.750748,0,0,0,12,119,0,6,2,4,0,0,11,0,32,0,0,0.156335,0,0,16,1.02,4,4,0,0,0,0.130157,0,0,0,0.050148,9,4,0,3.13,0.000023,0
org.eclipse.osgi.internal.resolver.ReadOnlyState,0,0.260854,0,0,0,0.056103,0.303052,0,0,9.065988,0,0,10.17,0,0,45,0,0,2.390388,0,0,10.17,15,138,0,44,1,1,0,0,566,0,67,0.299099,0,0.247933,4.05,13.71,16,10.25,1,1,10.17,0,4.05,0.236906,0,0.128502,0,0.272084,0,44,0.130373,10.51,0.000206,0.299629
org.eclipse.osgi.internal.resolver.ResolverErrorImpl,0,0.00803,0,0,1.01,0.071235,0.014493,0,0.014493,3.899352,0,0,1.01,0,0,6,0,1.01,1.057588,0,0,1.01,6,58,0,5,1,1,0,0,10,0,7,0.013927,0.011768,0.10859,1.01,1.04,7,1.01,4,4,1.01,0,1.01,0.106418,0,0.012827,0,0.011762,0,5,0.012963,5.13,0,0.013927
org.eclipse.osgi.internal.resolver.StateBuilder,22,0.208569,0.026184,0,3.13,0.269993,0,2.03,0.01415,11.702425,0,10.24,9.23,0,0,25,0.248445,1.09,2.954192,0,0,9.23,32,507,0,24,1,4,0,0,274,0,139,0.23646,0.032326,0.289887,5.18,12.49,33,14.25,13,9,0,0,5.18,0.256579,0,0.093796,0,0.250058,0,0,0.094393,20.91,0.000206,0.236475
org.eclipse.osgi.internal.resolver.StateDeltaImpl,0,0,0,0,0,0.045692,0,0,0,4.868346,0,0,1.01,0,0,10,0,0,1.280837,0,0,1.01,6,100,0,9,1,2,0,0,0,0,30,0.009713,0,0.02215,0,0,8,2.04,2,2,0,0,0,0.130612,0,0,0,0.021497,0,3,0,2.11,0.000206,0.009728
org.eclipse.osgi.internal.resolver.StateHelperImpl,13,0.11286,0.025501,0,0,0.497098,0.083952,2.03,0,10.419127,0,7.09,9.14,0,0,26,0.063881,0,2.7212,0,0,9.14,16,316,0,25,1,4,0,0,300,0,88,0.124588,0,0.318117,5.06,11.46,19,14.62,1,1,6.07,0,6.08,0.262571,0,0.063825,0,0.345908,0,12,0.079535,18.7,0.000267,0.125001
org.eclipse.osgi.internal.resolver.StateImpl,12,0.456006,0.144308,1.01,8.15,0.667658,0.327398,4.07,0.191273,18.572074,0.006138,5.07,14.34,1,2,74,0.17393,8.14,4.903451,0,0,14.34,46,791,0,73,1,11,0,0,2260,0,218,0.371901,0.138909,0.583497,11.27,35.73,51,22.14,24,22,12.26,0,13.3,0.471241,0,0.265954,0,0.561969,0,48,0.29754,32.19,0.000267,0.372445
org.eclipse.osgi.internal.resolver.StateMsg,0,0,0.100339,7.22,8.23,0.029472,0,4.04,0.011195,4.715483,0.311544,0,0,21,0,1,0,1.01,1.459377,0,0.044047,0,1,27,3,0,2,3,0,1.01,0,3.05,2,0,0.311284,0.262157,1.01,0,4,0,22,1,0,0.011494,5.05,0.213761,2.06,0.011047,0.032041,0,6,0,0.104699,8.23,0.000267,0
org.eclipse.osgi.internal.resolver.StateObjectFactoryImpl,6,0.126296,0.015205,1.07,1.07,0.129527,0.13891,1.01,0,9.339117,0.009034,4.05,8.18,0,0,39,0.08217,0,2.497485,0,0,8.18,42,338,0,38,1,2,0,0,703,0,174,0.136048,0.009963,0.304135,7.21,13.24,43,15.12,0,0,8.16,0,7.21,0.255778,0,0.18014,0,0.329665,0,32,0.182284,15.91,0.000206,0.136497
org.eclipse.osgi.internal.resolver.StateReader,29,0.157953,0.010296,1.02,6.13,0.320114,0.010095,1.02,0.078,12.669077,0.010602,8.34,9.4,6,0,39,0.165209,6.11,3.276711,0,0,9.42,27,608,0,36,1,4,0,0,558,0,174,0.180222,0.070838,0.358057,4.15,17.16,29,19.43,16,9,1.01,0,4.15,0.300151,0,0.127337,0,0.294916,0,2,0.128415,25.68,0.000206,0.180403
org.eclipse.osgi.internal.resolver.StateWriter,27,0.1455,0,1.03,1.02,0.231694,0.010778,0,0.011195,9.835765,0.005434,6.14,7.15,0,0,30,0.145225,1.02,2.579948,0,0,7.15,25,467,0,29,1,1,0,0,404,0,158,0.15537,0.00457,0.327542,4.12,11.25,26,16.07,2,2,1.01,0,4.12,0.251039,0,0.127337,0,0.244979,0,2,0.128415,19.75,0.000206,0.155551
org.eclipse.osgi.internal.resolver.SystemState,0,0.046417,0,0,0,0.12135,0.024346,0,0,3.17391,0,1.01,3.09,0,0,5,0.033333,0,0.744037,0,0.011236,3.09,5,14,2,4,2,2,0,0,6,1.01,9,0.047274,0,0.043315,3.04,3.56,7,3.24,0,0,3.08,0,3.04,0.046099,14.29,0.057492,0.366408,0.043454,58,4,0.058117,3.64,0,0.047289
org.eclipse.osgi.internal.resolver.UserState,0,0.02218,0.015104,0,1.02,0.079424,0.020231,1.01,0.023256,2.141234,0,0,1.04,0,0,4,0,1.02,0.52032,0,0.011236,1.04,7,34,2,3,2,1,0,0,0,1.01,19,0.020625,0.023256,0.016938,0,1.11,8,1.06,1,1,1.04,0,1.01,0.035621,14.28,0,0.366408,0.018557,59,3,0.015184,1.16,0,0.020625
org.eclipse.osgi.internal.resolver.VersionConstraintImpl,0,0.164766,0.061244,0,1.02,0.047547,0.010095,2.02,0.010711,2.807411,0,0,1.04,0,5,11,0,1.02,0.90566,2.02,0,1.04,8,42,0,10,1,11,0.064568,0,33,0,15,0.009713,0.009963,0.203357,1.04,3.28,18,3.09,4,4,1.08,0,3.05,0.153532,0,0.088598,0,0.216875,0,6,0.162342,3.17,0.000691,0.009728
org.eclipse.osgi.internal.service.security.DefaultAuthorizationEngine,1,0.113761,0,1.04,2.06,0.111083,0.19734,0,0.383713,2.376138,0.099931,0,1.03,4,0,7,0,2.04,1.158379,0,0,1.03,21,136,0,6,2,1,0,0,7,0,48,0.105723,0.398084,0.385003,3.1,2.08,21,3.27,18,14,2.04,0,3.09,0.300966,1.01,0.421931,0,0.368285,1,4,0.434409,3.64,0.03739,0.105723
org.eclipse.osgi.internal.service.security.KeyStoreTrustEngine,8,0,0,0,1.01,0.314423,0,0,0.083481,1.761539,0,0,0,0,0,17,0,1.01,0.967835,0,0,0,5,190,0,16,2,1,0,0,118,0,50,0,0.083481,0.445238,0,0,5,1.03,5,5,0,0,0,0.255808,0,0,0,0,3,5,0,3.33,0.082183,0
org.eclipse.osgi.internal.signedcontent.BERProcessor,0,0,0,0,0,0.048174,0,0,0,1.852862,0,0,0,2,0,10,0,0,0.574161,0,0,0,0,156,0,9,1,1,0,0,0,0,19,0,0,0,0,0,1,0,20,0,0,0,0,0.07959,0,0,0,0,0,9,0,0,0.000004,0
org.eclipse.osgi.internal.signedcontent.Base64,0,0,0,0,0,0.033498,0,0,0,1.191538,0,0,0,0,0,4,0,0,0.397238,0,0,0,0,115,0,3,1,1,0,0,3,0,5,0,0,0,0,0,1,0,2,1,0,0,0,0.063844,0,0,0,0,0,2,0,0,0.000004,0
org.eclipse.osgi.internal.signedcontent.BundleInstallListener,0,0,0,0,0,0.009092,0,0,0,0.984001,0,0,0,0,0,2,0,0,0.426154,0,0,0,12,20,0,1,1,1,0,0,0,0,9,0,0,0,0,0,13,0,0,0,0,0,0,0.09849,0,0,0,0,0,1,0,0,0.001716,0
org.eclipse.osgi.internal.signedcontent.DNChainMatching,7,0,0,0,0,0.063978,0,0,0,1.191538,0,0,0,0,0,9,0,0,0.397238,0,0,0,0,223,0,8,1,2,0,0,28,0,28,0,0,0,0,0,2,0,0,0,0,0,0,0.063844,0,0,0,0,0,1,0,0,0.000004,0
org.eclipse.osgi.internal.signedcontent.DigestedInputStream,1,0,0,0,0,0.04632,0,0,0,2.367805,0,0,0,0,0,8,0,0,0.717848,0,0,0,7,75,0,7,3,1,0,0,15,0,23,0,0,0,0,0,8,0,5,5,0,0,0,0.093894,0,0,0,0,0,6,0,0,0.000004,0
org.eclipse.osgi.internal.signedcontent.LegacyVerifierFactory,0,0,0,0,0,0.020809,0,0,0,0.729971,0,0,0,0,0,3,0,0,0.284509,0,0,0,5,20,0,2,1,1,0,0,0,0,8,0,0,0,0,0,6,0,1,1,0,0,0,0.056152,0,0,0,0,0,2,0,0,0.000004,0
org.eclipse.osgi.internal.signedcontent.PKCS7DateParser,1,0,0,0,0,0.006786,0,0,0,0.729971,0,0,0,0,0,3,0,0,0.284509,0,0,0,2,26,0,2,1,1,0,0,1,0,15,0,0,0,0,0,2,0,0,0,0,0,0,0.056152,0,0,0,0,0,0,0,0,0.000004,0
org.eclipse.osgi.internal.signedcontent.PKCS7Processor,9,0,0,0,0,0.481647,0,0,0,3.267358,0,0,0,0,0,18,0,0,0.991367,0,0,0,7,265,0,17,1,3,0,0,124,0,76,0,0,0,0,0,9,0,12,11,0,0,0,0.127665,0,0,0,0,0,7,0,0,0.000004,0
org.eclipse.osgi.internal.signedcontent.SignatureBlockProcessor,14,0,0,0,0,0.072982,0,0,0,0.729971,0,0,0,0,0,17,0,0,0.284509,0,0,0,13,285,0,16,1,2,0,0,108,0,88,0,0,0,0,0,14,0,5,5,0,0,0,0.056152,0,0,0,0,0,1,0,0,0.000004,0
org.eclipse.osgi.internal.signedcontent.SignedBundleFile,1,0,0.2,0,0,0.065998,0,1.01,0,1.523682,0,0,0,0,0,20,0,0,0.799681,0,0,0,14,119,3,19,2,5,0,0,11,0,55,0,0,0.186066,0,0,16,1.04,3,2,0,0,1.01,0.226264,0,0,0,0.246307,7,14,0.196972,1.08,0.021698,0
org.eclipse.osgi.internal.signedcontent.SignedBundleHook,0,0,0.110032,0,0,0.06264,0,1.01,0,2.065394,0,0,0,0,0,17,0,0,0.992313,0,0,0,44,230,0,16,1,6,0,0,96,0,73,0,0,0,1.01,0,46,1.01,26,21,0,0,1.01,0.258578,0,0.183659,0,0.154672,0,14,0.196972,0,0.012112,0
org.eclipse.osgi.internal.signedcontent.SignedContentConstants,0,0,0,1.01,1.01,0.035578,0,0,0,2.003088,0,0,0,28,0,0,0,0,0.735097,0,0,0,0,30,0,0,0,6,0,0,0,0,1,0,0.25,0.186066,0,0,6,0,28,0,0,0,0,0.140395,0,0,0,0,0,0,0,1.01,0.011326,0
org.eclipse.osgi.internal.signedcontent.SignedContentFile,0,0,0,0,0,0.151403,0,0,0,0.566316,0,0,0,0,0,9,0,0,0.351436,0,0,0,5,57,0,8,1,1,0,0,0,0,22,0,0,0,0,0,6,0,2,2,0,0,0,0.113263,0,0,0,0,0,7,0,0,0.010372,0
org.eclipse.osgi.internal.signedcontent.SignedContentImpl,1,0,0.2,0,0,0.038598,0,1.01,0,1.296287,0,0,0,0,0,14,0,0,0.635945,0,0,0,6,93,0,13,1,7,0,0,40,0,37,0,0,0,0,0,12,0,6,4,0,0,1.01,0.169415,0,0,0,0,0,7,0.196972,0,0.010377,0
org.eclipse.osgi.internal.signedcontent.SignedContentMessages,0,0,0,1.02,1.02,0.052906,0,0,0,1.686455,0,0,0,14,0,1,0,0,0.613004,0,0,0,1,22,3,0,2,5,0,0,0,0,2,0,0,0.107996,0,0,6,0,17,3,0,0,0,0.114063,0,0,0,0,6,0,0,1.02,0.000736,0
org.eclipse.osgi.internal.signedcontent.SignedStorageHook,4,0,0.110032,0,0,0.039808,0,1.01,0,0.729971,0,0,0,2,0,20,0,0,0.284509,0,0,0,13,210,0,19,1,4,0,0,143,0,78,0,0,0,0,0,17,0,10,7,0,0,1.01,0.056152,0,0,0,0,0,15,0.101076,0,0.000004,0
org.eclipse.osgi.internal.signedcontent.SignerInfoImpl,0,0,0,0,0,0.010706,0,0,0,0.729971,0,0,0,0,0,8,0,0,0.284509,0,0,0,1,47,0,7,1,4,0,0,0,0,15,0,0,0,0,0,5,0,3,3,0,0,0,0.056152,0,0,0,0,0,6,0,0,0.000004,0
org.eclipse.osgi.internal.signedcontent.TrustEngineListener,3,0,0,0,0,0.040863,0,0,0,1.205332,0,0,0,0,0,9,0,0,0.743186,0,0,0,24,115,0,8,1,3,0,0,18,0,43,0,0,0,0,0,26,0,3,3,0,0,0,0.209155,0,0,0,0,0,3,0,0,0.083139,0
org.eclipse.osgi.service.datalocation.Location,0,0.121232,0.015104,2.05,2.05,0.078958,0.154579,1.04,0,4.938205,0.214031,0,2.03,5,0,12,0,0,1.57034,0,0,2.03,0,19,0,12,0,9,0,0,66,0,13,0.150234,0.192476,0.265546,0,2.3,9,3.04,5,0,2.03,0,1.04,0.255651,0,0,0,0.147472,0,12,0.015184,4.08,0.010579,0.150234
org.eclipse.osgi.service.debug.DebugOptions,0,0,0,0,0,0.019188,0,0,0,3.190944,0,0,0,0,0,5,0,0,0.743572,0,0,0,0,7,0,5,0,2,0,0,10,0,5,0,0,0,0,0,2,0,0,0,0,0,0,0.044114,0,0,0,0,0,5,0,0,0,0
org.eclipse.osgi.service.environment.Constants,0,0,0.211765,4.05,4.05,0.06919,0,2.02,0,5.035347,0.059223,0,0,25,0,0,0,0,1.618919,0,0,0,0,27,0,0,0,4,0,0,0,0,0,0,0.062919,0.07481,0,0,4,0,25,0,0,0,2.02,0.269409,0,0,0,0,0,0,0.207754,4.05,0.010857,0
org.eclipse.osgi.service.environment.EnvironmentInfo,0,0.067647,0,0,0,0.188822,0.071429,0,0,4.342217,0,0,1.02,0,0,11,0,0,1.405488,0,0,1.02,0,13,0,11,0,2,0,0,55,0,11,0.071429,0,0.061784,0,1.19,2,1.02,0,0,1.02,0,0,0.239995,0,0,0,0.071429,0,11,0,1.02,0.010857,0.071429
org.eclipse.osgi.service.localization.BundleLocalization,0,0,0,0,0,0.017479,0,0,0,3.704052,0,0,0,0,0,1,0,0,1.094294,0,0,0,1,3,0,1,0,2,0,0,0,0,1,0,0,0,0,0,3,0,0,0,0,0,0,0.159646,0,0,0,0,0,1,0,0,0.010372,0
org.eclipse.osgi.service.pluginconversion.PluginConversionException,0,0,0,0,0,0.013035,0,0,0,1.45423,0,0,0,0,0,5,0,0,0.328371,0,0,0,0,20,0,1,3,3,0,0,0,0,7,0,0,0,0,0,3,0,2,2,0,0,0,0.017361,0,0,0,0,0,1,0,0,0,0
org.eclipse.osgi.service.pluginconversion.PluginConverter,0,0.020805,0,0,0,0.050789,0.021948,0,0,1.965696,0,0,2.04,0,0,3,0,0,0.442152,0,0,2.04,1,5,0,3,0,2,0,0,3,0,3,0.022591,0,0.019653,0,2.14,3,2.04,0,0,2.04,0,0,0.023061,0,0,0,0.021983,0,3,0,2.04,0,0.022591
org.eclipse.osgi.service.resolver.BaseDescription,0,0.015179,0.177182,0,0,0.016137,0.01606,6.11,0,4.136057,0,0,1.01,0,0,3,0,0,1.234161,0,0,1.01,2,5,0,3,0,39,0,0,3,0,3,0.016048,0,0.012687,1.01,1.02,40,1.01,0,0,1.01,0,6.11,0.181837,0,0.016051,0,0.013798,0,3,0.173234,1.01,0.010372,0.016048
org.eclipse.osgi.service.resolver.BundleDelta,0,0.009636,0.0254,1.02,1.02,0.013829,0.010919,2.03,0,4.006566,0.009034,0,1.01,9,0,3,0,0,1.19311,0,0,1.01,1,14,0,3,0,5,0,0,3,0,3,0.011435,0.009963,0.01824,0,1.02,6,1.01,9,0,1.01,0,2.03,0.177244,0,0,0,0.010319,0,3,0.025523,2.03,0.010372,0.011435
org.eclipse.osgi.service.resolver.BundleDescription,0,0.187605,0.300968,0,0,0.031767,0.21347,11.26,0,7.286826,0,0,7.1,0,0,28,0,0,2.10197,0,0,7.1,9,30,0,28,0,57,0,0,378,0,28,0.210278,0,0.17313,3.04,9.25,62,7.1,0,0,7.1,0,11.28,0.284379,0,0.071456,0,0.187144,0,28,0.2949,7.1,0.010579,0.21082
org.eclipse.osgi.service.resolver.BundleSpecification,0,0,0.048406,0,0,0.007708,0,4.04,0,3.531143,0,0,0,0,0,2,0,0,1.085814,0,0,0,1,4,0,2,0,18,0,0,1,0,2,0,0,0,0,0,19,0,0,0,0,0,4.04,0.171584,0,0,0,0,0,2,0.047428,0,0.010372,0
org.eclipse.osgi.service.resolver.DisabledInfo,0,0,0.073666,0,0,0.066877,0,1.01,0,1.883406,0,0,0,0,0,5,0,0,0.843129,0,0,0,1,33,0,4,1,12,0,0,6,0,7,0,0,0,0,0,13,0,3,3,0,0,1.01,0.203951,0,0,0,0,0,4,0.073683,0,0.010377,0
org.eclipse.osgi.service.resolver.ExportPackageDescription,0,0.019606,0.099456,0,0,0.020919,0.021191,6.06,0,4.748112,0,0,2.04,0,0,5,0,0,1.500747,0,0,2.04,2,7,0,5,0,25,0,0,10,0,5,0.020957,0,0.017773,0,2.25,26,2.04,0,0,2.04,0,6.06,0.246933,0,0,0,0.021096,0,5,0.096874,2.04,0.010579,0.020957
org.eclipse.osgi.service.resolver.GenericDescription,0,0,0.017857,0,0,0.016277,0,1.01,0,1.17123,0,0,0,1,0,2,0,0,0.499782,0,0,0,1,5,0,2,0,14,0,0,1,0,2,0,0,0,0,0,15,0,1,0,0,0,1.01,0.123516,0,0,0,0,0,2,0.017316,0,0.010372,0
org.eclipse.osgi.service.resolver.GenericSpecification,0,0,0,0,0,0.023394,0,0,0,1.17123,0,0,0,2,0,4,0,0,0.499782,0,0,0,2,8,0,4,0,12,0,0,6,0,4,0,0,0,0,0,14,0,2,0,0,0,0,0.123516,0,0,0,0,0,4,0,0,0.010372,0
org.eclipse.osgi.service.resolver.HostSpecification,0,0.017823,0.046131,0,0,0.009195,0.021321,4.09,0,3.531143,0,0,2.02,0,0,2,0,0,1.085814,0,0,2.02,2,4,0,2,0,19,0,0,1,0,2,0.020016,0,0.016836,0,2.02,20,2.02,0,0,2.02,0,4.09,0.171584,0,0,0,0.019652,0,2,0.045932,2.02,0.010372,0.020031
org.eclipse.osgi.service.resolver.ImportPackageSpecification,0,0,0.039136,0,0,0.024981,0,3.03,0,4.132952,0,0,0,3,0,5,0,0,1.220917,0,0,0,2,10,0,5,0,17,0,0,10,0,5,0,0,0,0,0,19,0,3,0,0,0,3.03,0.178582,0,0,0,0,0,5,0.038831,0,0.010372,0
org.eclipse.osgi.service.resolver.NativeCodeDescription,0,0,0,0,0,0.032762,0,0,0,1.22852,0,0,0,0,0,8,0,0,0.568908,0,0,0,3,10,0,8,0,15,0,0,28,0,8,0,0,0,0,0,18,0,0,0,0,0,0,0.144797,0,0,0,0,0,8,0,0,0.010372,0
org.eclipse.osgi.service.resolver.NativeCodeSpecification,0,0,0,0,0,0.018657,0,0,0,1.22852,0,0,0,0,0,2,0,0,0.568908,0,0,0,2,4,0,2,0,12,0,0,1,0,2,0,0,0,0,0,14,0,0,0,0,0,0,0.144797,0,0,0,0,0,2,0,0,0.010372,0
org.eclipse.osgi.service.resolver.PlatformAdmin,0,0.041381,0.058948,0,0,0.025822,0.056397,4.04,0,4.446565,0,0,1.02,0,0,8,0,0,1.368804,0,0,1.02,6,10,0,8,0,9,0,0,28,0,8,0.052882,0,0.041333,1.01,1.13,15,1.02,0,0,1.02,0,5.05,0.21044,0,0.055881,0,0.049855,0,8,0.113747,1.02,0.010373,0.052882
org.eclipse.osgi.service.resolver.Resolver,0,0.029882,0.015205,0,0,0.026603,0.036943,1.01,0,5.727944,0,0,3.04,0,0,10,0,0,1.460517,0,0,3.04,3,12,0,10,0,7,0,0,45,0,10,0.033885,0,0.026644,1.01,3.33,9,3.04,0,0,3.04,0,2.02,0.136353,0,0.010321,0,0.033397,0,10,0.025434,3.04,0.000206,0.034031
org.eclipse.osgi.service.resolver.ResolverError,0,0.00803,0.02,4.05,4.05,0.15033,0.014493,1.01,0,4.77733,0.116878,0,1.01,19,0,4,0,0,1.483641,0,0,1.01,2,25,0,4,0,11,0,0,6,0,4,0.013927,0.119941,0.10859,1.01,1.03,13,1.01,19,0,1.01,0,2.02,0.224459,0,0.012827,0,0.011762,0,4,0.0323,5.06,0.010373,0.013927
org.eclipse.osgi.service.resolver.State,0,0.260854,0.339172,0,0,0.158488,0.303052,11.16,0,14.006307,0,0,10.17,0,0,44,0,0,4.025698,0,0,10.17,13,46,0,44,0,34,0,0,946,0,44,0.299099,0,0.247933,4.04,15.95,43,10.17,0,0,10.17,0,11.18,0.516793,0,0.128502,0,0.272084,0,44,0.370042,10.17,0.010644,0.299629
org.eclipse.osgi.service.resolver.StateDelta,0,0,0.0254,0,0,0.00949,0,2.03,0,2.682749,0,0,0,0,0,3,0,0,0.897279,0,0,0,2,5,0,3,0,9,0,0,3,0,3,0,0,0,0,0,10,0,0,0,0,0,2.03,0.162157,0,0,0,0,0,3,0.025523,0,0.010372,0
org.eclipse.osgi.service.resolver.StateHelper,0,0.073327,0.074152,2.03,2.03,0.135221,0.083391,5.07,0,8.10048,0.033732,0,6.07,3,0,11,0,0,2.213449,0,0,6.07,6,16,0,11,0,12,0,0,55,0,11,0.082439,0.032333,0.07046,4.05,6.53,18,6.07,3,0,6.07,0,6.08,0.252639,0,0.052978,0,0.074441,0,11,0.083757,6.1,0.010372,0.082853
org.eclipse.osgi.service.resolver.StateObjectFactory,0,0.126296,0.0254,1.01,1.01,0.099852,0.13891,2.03,0,8.448646,0.010157,0,8.14,1,0,28,0,0,2.442407,0,0,8.14,15,31,0,28,0,10,0,0,378,0,29,0.136048,0.0106,0.111492,4.08,10.96,23,8.15,1,0,8.14,0,4.1,0.323547,0,0.08642,0,0.119718,0,28,0.086789,8.15,0.010579,0.136497
org.eclipse.osgi.service.resolver.VersionConstraint,0,0.00819,0.222937,0,0,0.009294,0.010095,7.12,0,3.531143,0,0,1.01,0,0,6,0,0,1.085814,0,0,1.01,3,8,0,6,0,30,0,0,15,0,6,0.009713,0,0.008623,0,1.06,33,1.01,0,0,1.01,0,7.12,0.171584,0,0,0,0.009268,0,6,0.211733,1.01,0.010372,0.009728
org.eclipse.osgi.service.resolver.VersionRange,0,0,0.139013,1.01,1.04,0.009888,0.010095,8.11,0.010711,3.955622,0.009034,0,1.02,1,0,9,0,1.03,1.254876,0,0,1.02,1,93,0,7,1,18,0,0,0,0,24,0.009713,0.009963,0.10723,0,0,19,1.01,6,5,1.02,0,8.11,0.214083,0,0,0,0.009268,0,7,0.137636,3.26,0.010579,0.009728
org.eclipse.osgi.service.runnable.ApplicationLauncher,0,0,0.125,0,0,0.027666,0,1.01,0,1.649417,0,0,0,0,0,2,0,0,0.737557,0,0,0,1,4,0,2,0,2,0,0,1,0,2,0,0,0,0,0,3,0,0,0,0,0,1.01,0.187792,0,0,0,0,0,2,0.121215,0,0.010857,0
org.eclipse.osgi.service.runnable.ApplicationRunnable,0,0,0,0,0,0.024741,0,0,0,2.766607,0,0,0,0,0,1,0,0,0.800609,0,0,0,1,3,0,1,0,1,0,0,0,0,1,0,0,0,0,0,2,0,0,0,0,0,0,0.103551,0,0,0,0,0,1,0,0,0.000484,0
org.eclipse.osgi.service.runnable.ParameterizedRunnable,0,0,0.014357,0,0,0.014512,0,1.02,0,1.985547,0,0,0,0,0,1,0,0,0.583727,0,0,0,0,3,0,1,0,3,0,0,0,0,1,0,0,0,0,0,3,0,0,0,0,0,1.02,0.083775,0,0,0,0,0,1,0.014444,0,0.000484,0
org.eclipse.osgi.service.runnable.StartupMonitor,0,0.018929,0,0,0,0.070991,0.022496,0,0,1.548006,0,0,1.01,0,0,2,0,0,0.534067,0,0,1.01,0,4,0,2,0,2,0,0,1,0,2,0.022874,0,0.019645,0,1.01,2,1.01,0,0,1.01,0,0,0.092913,0,0,0,0.022288,0,2,0,1.01,0.000484,0.022874
org.eclipse.osgi.service.security.TrustEngine,0,0,0,0,0,0.025421,0,0,0,1.911447,0,0,0,0,1,12,0,0,0.915775,0,0,0,1,32,0,11,1,3,0,0,55,0,15,0,0,0,0,0,4,0,0,0,0,0,0,0.237766,0,0,0,0,0,8,0,0,0.010583,0
org.eclipse.osgi.service.urlconversion.URLConverter,0,0,0,0,0,0.02674,0,0,0,2.883676,0,0,0,0,0,2,0,0,0.674097,0,0,0,0,4,0,2,0,2,0,0,1,0,2,0,0,0,0,0,2,0,0,0,0,0,0,0.040248,0,0,0,0,0,2,0,0,0,0
org.eclipse.osgi.signedcontent.InvalidContentException,0,0,0,0,0,0.010292,0,0,0,1.911447,0,0,0,0,0,3,0,0,0.915775,0,0,0,0,14,0,2,4,2,0,0,1,0,5,0,0,0,0,0,2,0,2,2,0,0,0,0.237766,0,0,0,0,0,2,0,0,0.010583,0
org.eclipse.osgi.signedcontent.SignedContent,0,0,0.2,0,0,0.015268,0,1.01,0,1.911447,0,0,0,0,0,7,0,0,0.915775,0,0,0,2,9,0,7,0,13,0,0,21,0,7,0,0,0,0,0,15,0,0,0,0,0,1.01,0.237766,0,0,0,0,0,7,0.196972,0,0.010583,0
org.eclipse.osgi.signedcontent.SignedContentEntry,0,0,0.2,0,0,0.010443,0,1.01,0,1.911447,0,0,0,0,0,4,0,0,0.915775,0,0,0,2,6,0,4,0,4,0,0,6,0,4,0,0,0,0,0,6,0,0,0,0,0,1.01,0.237766,0,0,0,0,0,4,0.196972,0,0.010583,0
org.eclipse.osgi.signedcontent.SignedContentFactory,0,0,0,0,0,0.010745,0,0,0,1.911447,0,0,0,0,0,2,0,0,0.915775,0,0,0,2,4,0,2,0,2,0,0,1,0,2,0,0,0,0,0,4,0,0,0,0,0,0,0.237766,0,0,0,0,0,2,0,0,0.010583,0
org.eclipse.osgi.signedcontent.SignerInfo,0,0,0.2,0,0,0.009689,0,1.01,0,1.911447,0,0,0,0,0,4,0,0,0.915775,0,0,0,0,6,0,4,0,12,0,0,6,0,4,0,0,0,0,0,12,0,0,0,0,0,1.01,0.237766,0,0,0,0,0,4,0.196972,0,0.010583,0
org.eclipse.osgi.storagemanager.ManagedOutputStream,0,0,0,0,0,0.02268,0,0,0,2.449229,0,0,0,0,0,11,0,0,0.806193,0,0,0,1,46,0,10,3,2,0,0,39,0,15,0,0,0,0,0,2,0,7,5,0,0,0,0.143236,0,0,0,0,0,3,0,0,0.010372,0
org.eclipse.osgi.storagemanager.StorageManager,13,0,0.018868,0,0,0.401073,0,1.01,0,3.433123,0,0,0,0,0,32,0,0,1.099433,0,0,0,8,524,0,30,1,3,0,0,199,0,116,0,0,0.057662,0,0,10,1.01,22,22,0,0,1.01,0.179143,0,0,0,0.017256,0,15,0.018482,2.1,0.010373,0
org.eclipse.osgi.util.ManifestElement,4,0.035599,0.217216,0,1.01,0.270651,0.058273,12.16,0,8.519488,0,3.04,3.11,0,0,19,0.032036,0,2.346147,0,0,3.11,5,246,0,18,1,21,0,0,125,0,60,0.046285,0.009963,0.052919,0,4.2,26,6.4,4,0,4.08,0,12.16,0.28157,0,0,0,0.078741,0,12,0.213603,5.15,0.011104,0.0463
org.eclipse.osgi.util.NLS,3,0.026679,0.380339,1.01,3.08,0.242838,0,12.52,0.02974,6.491285,0.011199,2.03,2.05,0,6,10,0.030823,2.04,1.905247,2.06,0,2.05,3,198,0,9,1,52,0,0,30,0,55,0.029971,0.040324,0.043854,2.03,2.24,55,3.38,7,4,0,0,14.55,0.269508,0,0.031887,0,0.032798,0,4,0.395097,5.54,0.010579,0.029971
org.eclipse.osgi.util.TextProcessor,2,0.189226,0,0,2.03,0.40484,0.021739,0,0.019963,3.974834,0,1.02,1.03,0,0,7,0.019963,2.03,1.458808,0,0,1.03,0,103,0,6,1,0,0,0,9,0,23,0.019924,0.270934,0.333266,0,2.14,0,2.07,10,10,1.01,0,0,0.293041,0,0,0,0.035946,0,4,0,5.54,0.0219,0.019924
org.osgi.framework.AdminPermission,6,0.037716,0.023463,4.12,4.33,0.590763,0.010975,3.1,0.070904,9.060461,0.028999,4.06,4.09,10,0,16,0.048016,6.23,2.229209,0,0,3.11,5,410,0,12,3,11,0,2.02,30,0,47,0.035864,0.052479,0.101235,4.1,4.27,15,4.4,30,19,1.02,0,3.14,0.174775,0,0.046175,0,0.043684,0,5,0.035777,13.66,0.00006,0.04689
org.osgi.framework.AdminPermissionCollection,0,0.0089,0,0,2.02,0.590763,0,0,0.011364,9.060461,0,0,0,0,0,4,0,1.01,2.229209,0,0,0,1,45,0,3,2,1,0,0,0,0,19,0,0.017681,0.025202,0,1.01,1,1.1,2,2,0,0,0,0.174775,0,0,0,0.009632,0,3,0,3.29,0.00006,0
org.osgi.framework.AllServiceListener,0,0,0,0,0,0.052709,0,0,0,4.940708,0,0,0,0,0,0,0,0,1.179953,0,0,0,1,2,0,0,0,1,0,0,0,0,0,0,0,0.009783,0,0,2,0,0,0,0,0,0,0.077811,0,0,0,0,0,0,0,1.01,0,0
org.osgi.framework.Bundle,0,0.058876,0.385805,2.03,2.03,0.696865,0.061669,15.31,0,7.776678,0.050311,0,4.06,9,0,24,0,0,1.898,0,0,4.06,3,36,0,24,0,71,0,0,276,0,24,0.061668,0.047852,0.077028,1.01,5.23,72,4.06,9,0,4.06,0,15.31,0.133782,0,0.022727,0,0.055994,0,24,0.380559,5.09,0,0.061683
org.osgi.framework.BundleActivator,0,0,0,0,0,0.058013,0,0,0,5.920071,0,0,0,0,0,2,0,0,1.429874,0,0,0,1,4,0,2,0,3,0,0,1,0,2,0,0,0.008623,0,0,4,0,0,0,0,0,0,0.097634,0,0,0,0,0,2,0,1.01,0,0
org.osgi.framework.BundleContext,0,0.00819,0.207883,0,0,0.213363,0.010095,11.23,0,5.773689,0,0,1.01,0,0,22,0,0,1.396637,0,0,1.01,9,32,0,22,0,45,0,0,231,0,22,0.009713,0,0.008623,0,1.21,53,1.01,0,0,1.01,0,11.22,0.096192,0,0,0,0.009268,0,22,0.209067,1.03,0,0.009728
org.osgi.framework.BundleEvent,0,0,0.317106,2.03,2.03,0.088961,0,5.07,0,5.602032,0.035337,0,0,10,0,3,0,0,1.356877,0,0,0,1,26,0,2,2,14,0,0,1,0,4,0,0.034071,0.036436,0,0,15,0,13,2,0,0,5.07,0.093557,0,0,0,0,0,2,0.314152,3.07,0,0
org.osgi.framework.BundleException,0,0,0.119983,0,0,0.029266,0,6.12,0,4.299892,0,0,0,0,0,5,0,0,0.998247,0,0,0,0,21,0,3,3,55,0,0,1,0,7,0,0,0.008623,0,0,55,0,2,1,0,0,6.12,0.058963,0,0,0,0,0,3,0.118988,1.04,0,0
org.osgi.framework.BundleListener,0,0,0.178852,0,0,0.036387,0,6.06,0,4.940708,0,0,0,0,0,1,0,0,1.179953,0,0,0,1,3,0,1,0,9,0,0,0,0,1,0,0,0.008623,0,0,10,0,0,0,0,0,6.06,0.077811,0,0,0,0,0,1,0.174331,1.01,0,0
org.osgi.framework.BundlePermission,4,0,0,0,1.01,0.3326,0,0,0.013333,4.9617,0,0,0,4,0,12,0,1.01,1.189527,0,0,0,1,184,0,10,3,2,0,0,15,0,26,0,0.012912,0.009938,0,0,2,0,13,9,0,0,0,0.079186,0,0,0,0,0,5,0,1.32,0,0
org.osgi.framework.BundlePermissionCollection,0,0,0,0,0,0.3326,0,0,0,4.9617,0,0,0,0,0,4,0,0,1.189527,0,0,0,1,74,0,3,2,1,0,0,0,0,18,0,0,0.009938,0,0,1,0,3,3,0,0,0,0.079186,0,0,0,0,0,3,0,1.16,0,0
org.osgi.framework.Configurable,0,0,0,0,0,0.030712,0,0,0,4.422461,0,0,0,0,0,1,0,0,1.063304,0,0,0,0,3,0,1,0,0,0,0,0,0,1,0,0,0.009783,0,0,0,0,0,0,0,0,0,0.071714,0,0,0,0,0,1,0,1.01,0,0
org.osgi.framework.Constants,0,0,0.366756,6.24,6.24,0.324466,0,12.23,0,7.719075,0.071615,0,0,74,0,0,0,0,1.862203,0,0,0,0,76,0,0,0,42,0,0,0,0,0,0,0.070075,0.064989,0,0,42,0,74,0,0,0,12.23,0.126959,0,0,0,0,0,0,0.358369,6.16,0,0
org.osgi.framework.Filter,0,0.00819,0.258338,0,0,0.046385,0.010095,11.15,0,4.940708,0,0,1.01,0,0,6,0,0,1.179953,0,0,1.01,1,8,0,6,0,21,0,0,15,0,6,0.009713,0,0,0,1.05,22,1.01,0,0,1.01,0,11.15,0.077811,0,0,0,0.009268,0,6,0.252251,0,0,0.009728
org.osgi.framework.FrameworkEvent,0,0,0.078361,1.02,1.02,0.05745,0,3.04,0,4.940708,0.009034,0,0,6,0,5,0,0,1.179953,0,0,0,1,33,0,3,2,22,0,0,3,0,6,0,0.009963,0.008623,0,0,23,0,10,3,0,0,3.04,0.077811,0,0,0,0,0,3,0.076731,1.04,0,0
org.osgi.framework.FrameworkListener,0,0,0,0,0,0.036526,0,0,0,4.422461,0,0,0,0,0,1,0,0,1.063304,0,0,0,1,3,0,1,0,3,0,0,0,0,1,0,0,0.008623,0,0,4,0,0,0,0,0,0,0.071714,0,0,0,0,0,1,0,1.01,0,0
org.osgi.framework.FrameworkUtil,0,0,0.214219,0,0,0.067428,0,7.07,0,3.37218,0,0,0,0,0,2,0,0,0.850335,0,0,0,3,7,0,1,1,7,0,0,0,0,3,0,0,0.009783,0,0,10,0,0,0,0,0,7.07,0.065563,0,0,0,0,0,1,0.209786,1.01,0,0
org.osgi.framework.InvalidSyntaxException,0,0.00819,0.21666,0,1.01,0.041889,0.010095,11.17,0.010711,4.940708,0,0,1.02,0,0,5,0,1.01,1.179953,0,0,1.03,0,24,0,3,3,21,0,0,3,0,7,0.009713,0.009963,0.008623,0,1.03,21,1.04,3,2,1.02,0,11.17,0.077811,0,0,0,0.009268,0,3,0.211626,1.1,0,0.009728
org.osgi.framework.PackagePermission,4,0,0,0,1.01,0.061978,0,0,0.013333,3.781645,0,0,0,2,0,12,0,1.01,0.881597,0,0,0,1,144,0,10,3,2,0,0,15,0,26,0,0.012912,0.018406,0,0,2,0,9,6,0,0,0,0.052866,0,0,0,0,0,5,0,2.31,0,0
org.osgi.framework.PackagePermissionCollection,0,0,0,0,0,0.061978,0,0,0,3.781645,0,0,0,0,0,4,0,0,0.881597,0,0,0,1,74,0,3,2,1,0,0,0,0,18,0,0,0.008623,0,0,1,0,3,2,0,0,0,0.052866,0,0,0,0,0,3,0,1.16,0,0
org.osgi.framework.ServiceEvent,0,0,0,0,0,0.04663,0,0,0,4.422461,0,0,0,3,0,3,0,0,1.063304,0,0,0,1,19,0,2,2,5,0,0,1,0,4,0,0,0.008623,0,0,6,0,6,2,0,0,0,0.071714,0,0,0,0,0,2,0,1.04,0,0
org.osgi.framework.ServiceFactory,0,0,0.041846,0,0,0.041925,0,1.01,0,4.422461,0,0,0,0,0,2,0,0,1.063304,0,0,0,2,5,0,2,0,2,0,0,1,0,2,0,0,0.0258,0,0,4,0,0,0,0,0,1.01,0.071714,0,0,0,0,0,2,0.044578,2.03,0,0
org.osgi.framework.ServiceListener,0,0,0.016309,0,0,0.042163,0,2.02,0,4.940708,0,0,0,0,0,1,0,0,1.179953,0,0,0,1,3,0,1,0,5,0,0,0,0,1,0,0,0.009783,0,0,6,0,0,0,0,0,2.02,0.077811,0,0,0,0,0,1,0.017546,1.01,0,0
org.osgi.framework.ServicePermission,4,0,0,0,1.01,0.063489,0,0,0.013333,4.422461,0,0,0,2,0,12,0,1.01,1.063304,0,0,0,1,143,0,10,3,3,0,0,15,0,26,0,0.012912,0.018406,0,0,3,0,9,6,0,0,0,0.071714,0,0,0,0,0,5,0,2.2,0,0
org.osgi.framework.ServicePermissionCollection,0,0,0,0,0,0.063489,0,0,0,4.422461,0,0,0,0,0,4,0,0,1.063304,0,0,0,1,74,0,3,2,1,0,0,0,0,18,0,0,0.008623,0,0,1,0,3,2,0,0,0,0.071714,0,0,0,0,0,3,0,1.16,0,0
org.osgi.framework.ServiceReference,0,0.030062,0.276503,0,0,0.073167,0.037873,7.08,0,5.45565,0,0,2.02,0,0,6,0,0,1.323639,0,0,2.02,1,8,0,6,0,29,0,0,15,0,6,0.036613,0,0.022169,0,2.09,29,2.02,0,0,2.02,0,7.08,0.092115,0,0,0,0.032074,0,6,0.270647,1.01,0,0.036627
org.osgi.framework.ServiceRegistration,0,0,0.073125,0,0,0.037214,0,3.03,0,4.940708,0,0,0,0,0,3,0,0,1.179953,0,0,0,1,5,0,3,0,13,0,0,3,0,3,0,0,0.008623,0,0,14,0,0,0,0,0,3.03,0.077811,0,0,0,0,0,3,0.075953,1.01,0,0
org.osgi.framework.SynchronousBundleListener,0,0,0.290152,0,0,0.040894,0,4.04,0,4.940708,0,0,0,0,0,0,0,0,1.179953,0,0,0,1,2,0,0,0,5,0,0,0,0,0,0,0,0.008623,0,0,6,0,0,0,0,0,4.04,0.077811,0,0,0,0,0,0,0.285703,1.01,0,0
org.osgi.framework.Version,1,0,0.549103,0,0,0.035103,0,12.12,0,4.215288,0,0,0,1,1,13,0,0,1.018345,1.01,0,0,0,136,0,10,1,44,0,0,0,0,25,0,0,0,0,0,44,0,6,5,0,0,12.12,0.06966,0,0,0,0,0,9,0.545927,0,0,0
org.osgi.service.condpermadmin.BooleanCondition,0,0,0,0,0,0.072378,0,0,0,4.587512,0,0,0,0,0,5,0,0,1.072888,0,0,0,1,22,0,4,1,1,0,0,6,0,6,0,0,0,0,0,1,0,1,0,0,0,0,0.064722,0,0,0,0,0,4,0,0,0,0
org.osgi.service.condpermadmin.BundleLocationCondition,1,0.020818,0,0,0,0.07349,0.0125,0,0.0125,4.245654,0,1.01,2.04,0,0,3,0.013333,1.01,0.989292,0,0,2.04,6,53,0,2,1,0,0,0,1,0,18,0.025507,0,0.019464,2.04,2.07,6,1.08,1,1,1.03,0,2.04,0.059083,0,0.02445,0,0.011667,0,1,0.024663,2.45,0,0.025507
org.osgi.service.condpermadmin.BundleSignerCondition,0,0.009639,0.011904,0,0,0.080366,0.0125,1.01,0.0125,4.770755,0,0,1.03,0,0,2,0,1.01,1.112692,0,0,1.03,5,14,0,1,1,1,0,0,0,0,8,0.0125,0,0.009681,1.01,1.06,6,0,1,1,1.03,0,2.02,0.066497,0,0.0125,0,0,0,1,0.023869,1.1,0,0.0125
org.osgi.service.condpermadmin.Condition,0,0,0.045032,1.02,1.02,0.072378,0,4.04,0,4.587512,0.011479,0,0,2,0,4,0,0,1.072888,0,0,0,1,8,0,4,0,9,0,0,6,0,5,0,0.01183,0.009681,1.01,0,9,1.01,2,0,0,0,4.04,0.064722,0,0.01195,0,0.010855,0,4,0.045339,1.02,0,0
org.osgi.service.condpermadmin.ConditionInfo,2,0,0.036465,0,1.01,0.091008,0,3.04,0.011364,4.122211,0,0,0,0,0,10,0,1.01,0.959509,0,0,0,0,172,0,8,1,7,0,0,10,0,28,0,0.010652,0.019128,0,0,7,1.02,2,2,0,0,3.04,0.057159,0,0,0,0.011667,0,6,0.036815,2.29,0,0
org.osgi.service.condpermadmin.ConditionalPermissionAdmin,0,0.009131,0.017544,0,0,0.0445,0.011652,1.01,0,4.05379,0,0,1.02,0,0,5,0,0,0.946413,0,0,1.02,3,9,0,5,0,4,0,0,10,0,5,0.01163,0,0.010405,0,1.07,7,1.02,0,0,1.02,0,1.01,0.056903,0,0,0,0.010729,0,5,0.015438,1.03,0,0.011664
org.osgi.service.condpermadmin.ConditionalPermissionInfo,0,0.009131,0.04253,0,0,0.036057,0.011652,3.03,0,4.572037,0,0,1.01,0,0,4,0,0,1.063062,0,0,1.01,2,6,0,4,0,4,0,0,6,0,4,0.01163,0,0.010405,0,1.03,6,1.01,0,0,1.01,0,3.03,0.063001,0,0,0,0.010729,0,4,0.04024,1.01,0,0.011664
org.osgi.service.packageadmin.ExportedPackage,0,0.011179,0.011904,0,0,0.037546,0.013333,1.01,0,3.781645,0,0,1.01,0,0,6,0,0,0.881597,0,0,1.01,2,8,0,6,0,5,0,0,15,0,6,0.013007,0,0.009783,1.01,1.05,7,1.01,0,0,1.01,0,2.02,0.052866,0,0.01195,0,0.011667,0,6,0.024508,1.01,0,0.013007
org.osgi.service.packageadmin.PackageAdmin,0,0.00819,0.100673,0,0,0.070782,0.010095,3.03,0,4.299892,0,0,1.02,1,0,11,0,0,0.998247,0,0,1.02,3,14,0,11,0,6,0,0,55,0,11,0.009713,0,0.008623,0,1.19,9,1.02,1,0,1.02,0,3.03,0.058963,0,0,0,0.009268,0,11,0.100724,1.02,0,0.009728
org.osgi.service.packageadmin.RequiredBundle,0,0,0,0,0,0.029619,0,0,0,3.781645,0,0,0,0,0,5,0,0,0.881597,0,0,0,2,7,0,5,0,4,0,0,10,0,5,0,0,0,0,0,6,0,0,0,0,0,0,0.052866,0,0,0,0,0,5,0,0,0,0
org.osgi.service.permissionadmin.PermissionAdmin,0,0,0.017544,0,0,0.026987,0,1.01,0,3.781645,0,0,0,0,0,5,0,0,0.881597,0,0,0,1,7,0,5,0,2,0,0,10,0,5,0,0,0,0,0,3,0,0,0,0,0,1.01,0.052866,0,0,0,0,0,5,0.015438,0,0,0
org.osgi.service.permissionadmin.PermissionInfo,2,0,0.05266,0,2.02,0.102245,0,4.08,0.019952,4.770396,0,0,0,0,0,11,0,2.02,1.104393,0,0,0,0,212,0,9,1,8,0,0,12,0,24,0,0.017681,0.034985,0,0,8,1.01,3,3,0,0,4.08,0.064566,0,0,0,0.011667,0,7,0.050209,4.69,0,0
org.osgi.service.startlevel.StartLevel,0,0.021872,0.022994,0,0,0.154882,0.027778,1.01,0,4.937403,0,0,1.01,0,0,8,0,0,1.20699,0,0,1.01,1,10,0,8,0,4,0,0,28,0,8,0.0269,0,0.030791,0,1.07,5,1.01,0,0,1.01,0,1.01,0.086018,0,0,0,0.022806,0,8,0.021518,2.02,0,0.0269
org.osgi.service.url.AbstractURLStreamHandlerService,0,0,0,0,0,0.028197,0,0,0,3.19346,0,0,0,0,0,12,0,0,0.745368,0,0,0,2,40,0,11,2,0,0,0,49,0,22,0,0,0.008623,0,0,2,0,1,0,0,0,0,0.045024,0,0,0,0,0,9,0,1.12,0,0
org.osgi.service.url.URLConstants,0,0,0,0,0,0.026621,0,0,0,3.708402,0,0,0,2,0,0,0,0,0.889054,0,0,0,0,4,0,0,0,4,0,0,0,0,0,0,0,0.008623,0,0,4,0,2,0,0,0,0,0.059328,0,0,0,0,0,0,0,1.01,0,0
org.osgi.service.url.URLStreamHandlerService,0,0,0,0,0,0.024356,0,0,0,3.19346,0,0,0,0,0,9,0,0,0.745368,0,0,0,1,12,0,9,0,3,0,0,36,0,9,0,0,0.008623,0,0,4,0,0,0,0,0,0,0.045024,0,0,0,0,0,9,0,1.01,0,0
org.osgi.service.url.URLStreamHandlerSetter,0,0,0,0,0,0.021934,0,0,0,3.19346,0,0,0,0,0,2,0,0,0.745368,0,0,0,0,7,0,2,0,5,0,0,1,0,2,0,0,0.008623,0,0,5,0,0,0,0,0,0,0.045024,0,0,0,0,0,2,0,1.11,0,0
org.osgi.util.tracker.ServiceTracker,1,0.037637,0.132189,0,1.01,0.457019,0.010975,6.07,0.029913,6.486388,0,2.02,3.04,0,0,20,0.022916,2.03,1.596845,2.02,0,3.04,8,318,0,17,1,12,0,0,38,0,52,0.049728,0.021509,0.072888,2.02,3.57,20,5.09,12,7,1.01,0,8.09,0.115395,0,0.036565,0,0.068986,0,15,0.180689,6.79,0,0.049743
org.osgi.util.tracker.ServiceTrackerCustomizer,0,0,0.020426,0,0,0.063396,0,2.02,0,4.422461,0,0,0,0,0,3,0,0,1.063304,0,0,0,1,5,0,3,0,3,0,0,3,0,3,0,0,0.0258,0,0,4,0,0,0,0,0,2.02,0.071714,0,0,0,0,0,3,0.020307,2.03,0,0
